,shot_clock,pass_successful,backcourt,dist,passer_basket_dist,ball_end_basket_dist,basket_angle,closest_def_dist_passer,closest_def_dist_ball_end,closest_def_trajectory,closest_def_angle_passer,closest_def_angle_ball_end,closest_def_trajectory_angle
0,23.31,1,0,7.695607672854687,6.305958620424015,1.402065672142358,0.14721286077449508,4.367718892110615,3.6794257450042367,1.1715256112004648,2.8700439883930966,2.8175525036902047,2.8175525036902047
1,20.23,1,0,12.304162510402728,25.393425771291678,22.590962207132755,2.6360105052497755,7.169871981904558,5.996277571335397,2.332130897876174,2.81029738367207,2.7421230318077625,2.7421230318077625
2,13.54,1,1,14.78264133766696,26.91068023338875,14.56414809669965,2.728010822188732,5.662852755537621,9.550784742208357,1.734502807686103,2.83029426244166,2.958970842429998,2.958970842429998
3,12.19,1,1,12.10129222688222,15.821083165602158,25.034741935640163,2.744788230893842,2.7753837496101337,13.647808498378048,1.3899590895123424,1.072238796524626,2.9620257948749997,2.8031450836245617
4,10.91,1,1,13.750779857873518,17.712186363498436,18.817913755382133,2.3719871765012823,1.8423859411100592,13.311157357529058,0.6052768698376301,1.877369687301735,3.009251094366655,3.0157287247079982
5,9.64,1,1,26.51308877775843,19.06361195347041,26.565862699276302,1.940741800145448,6.305620095922368,34.95438033103863,0.3892328405680542,2.881270383497844,2.6443945563626063,3.103439360444109
6,8.14,1,1,22.731655470981426,25.60602802756609,25.60704156033063,2.221779612873466,8.319089123996688,19.697434111447105,0.10654583563400864,2.121600446766518,2.773452507085146,3.130937723239937
7,5.51,1,1,34.41328681280677,31.346671963902324,25.31908308673519,1.851272055750782,8.327191177972319,8.31806238101759,7.436357716423196,1.3157272320015112,2.0353955842462756,2.0353955842462756
8,17.19,1,1,30.557867730286745,32.34605147119197,6.570685202724296,1.9457095513310578,13.796425318527263,5.9139334477993595,0.8368326310102844,2.7318561165757385,2.1220800967378706,3.0039518817040154
9,22.83,1,0,19.615886840344487,10.682108455637396,22.770178859236044,2.10528172043821,12.203113295913464,6.163865226503578,0.21557946708290143,2.4378469490031844,3.1066107982189983,3.1066107982189983
10,18.62,1,1,12.573542682673017,28.80316304369366,20.470596367771016,2.7513420683183796,6.172267455684339,4.851498532546413,1.7839046900607856,2.5634577649871226,2.765056188071674,2.765056188071674
11,14.56,1,1,11.941845564317104,12.06427568571773,17.511197758103243,2.393080128409117,2.7999783262196947,10.551084547879421,1.599889626130193,2.1956945591914545,2.924671527117576,2.8031323635817733
12,12.77,1,1,7.653327155590565,10.608436378854337,10.598498613393323,2.403153571238051,3.8664106910802905,2.0394766393611854,0.6635342120178849,1.549314743194876,2.81021574380974,2.81021574380974
13,12.34,1,1,16.00480048885646,10.745234774931628,23.62553648928422,2.5361372775921724,2.191856775658475,17.679452759429516,1.0101168736502715,0.7443466007772025,3.0574997988202686,2.7119883943913163
14,22.06,1,1,24.023007926621098,44.75480137944643,27.25561469516327,2.6658783292544417,7.953648797759431,4.389115688609723,0.4850516450559603,1.6468727213022176,3.030854075005216,3.030854075005216
15,18.84,0,0,26.026099952411233,30.739162866494915,25.566041930654812,2.1969969965320852,8.310101675430934,20.26234311508173,3.2788836790159888,2.7359971576781756,2.088707625607469,2.9651516978462635
16,22.81,1,0,7.600721790067048,13.530367239022006,21.04976619096754,3.0758747626091645,4.097365325620843,3.538981368586167,0.3673858611756022,3.0518081469044933,3.037594097137121,3.037594097137121
17,15.04,1,1,19.329573507581593,25.50716965640054,6.46070898117227,2.8841153799517536,3.879723211583526,1.864955313807816,0.2692087922922395,0.2825885058349477,1.7833014469295425,2.960780301912815
18,14.34,0,0,0.0,25.566041930654812,25.566041930654812,3.141592653589793,56.43802297786485,56.43802297786485,100000.0,,,
19,22.65,1,0,16.938794073856027,6.245010348398147,10.696292506775427,0.035673320637655534,9.81413043963142,7.340921441031777,1.3431192946854815,3.004306147033722,2.9575928511136658,2.9575928511136658
20,22.58,1,0,2.0560332749496064,11.397449153249164,11.818559821408021,2.9679790787926605,6.516182734768871,6.477155165965987,6.413662160464397,1.7484175839670861,1.7109295777742863,1.7109295777742863
21,17.42,1,1,22.987983893419187,32.28622909625712,17.705498404351683,2.3799966403165014,1.9609328223577664,4.976186584383669,0.7291699592019705,2.760593119848593,2.91006690902858,3.1071589159756017
22,17.35,1,1,9.290596019314373,17.450951878740025,25.753430769359642,2.944599817997714,2.0978943593041084,12.550976464566418,0.6914786621810395,0.8570978594270741,2.811709192059679,3.116358085503862
23,16.25,1,1,7.097857926198584,24.450069629561387,18.401798367184117,2.9662472337737675,2.895411688067867,2.87316398698369,0.36920547071355825,2.541513430383349,1.8144681073649371,0.016468462751966888
24,15.67,1,1,27.351301405059324,21.23338519144321,6.481312486603311,0.3836700453649988,7.081974293747472,20.34879420474098,0.9122948854559628,3.0124143986029472,3.0967447491020055,3.0967447491020055
25,19.12,1,1,15.859589468372123,23.573879749487578,30.079790413275827,2.59152418084904,5.784990881453493,16.754359319320447,3.0314425121140878,1.5066118201610457,2.3654643942739426,2.765999031519486
26,17.42,1,1,14.387239138125143,24.714410722770637,11.434256821402958,2.8108602678984487,2.812684853249649,11.664459561955708,0.2838956085728023,2.9138780385469243,3.087129565930709,3.0817161844891316
27,12.62,1,1,9.875379789192916,8.100651330417822,1.7911715882628285,0.14981057814780877,2.859823444777665,1.3131603007249302,2.3024296816620418e-14,1.0803419067227136,2.968402241972538,
28,16.38,1,1,19.010471414123323,36.29362051878677,28.09885927166617,2.597767615243028,6.202489963313119,5.797277297188743,0.4804977194838905,1.6322539759796633,3.0586141200088224,3.0586141200088224
29,14.33,1,1,7.535462865843078,4.167738896632081,3.6182783132865817,0.5100562168142901,4.886494891811512,2.799054444147165,2.3910402115403624,1.6395181741627363,2.0255580669760334,2.9899187078032874
30,13.55,1,1,9.992067116452933,0.6790492153739667,9.316891818423137,0.11068671629365613,2.983721132964676,6.124026750766198,0.39853742544852344,0.1339709986939376,2.854921217449791,3.110825022199405
31,12.91,1,1,21.07719589830915,11.90974045968257,25.135978381135278,2.1533842925294047,3.830558658903425,22.005792802232783,0.43534493887947223,1.4132569824355117,2.968819537921311,3.0531778491484913
32,12.0,1,1,19.611119628947755,20.84414994781989,16.39677549863082,2.0558928598878228,4.424122613061261,20.339931175404697,3.8863311343886457,2.0399431171687916,2.446330314920708,2.143401057176742
33,11.33,1,1,20.193706001041516,21.344870598211646,24.869436278542786,2.2492661711857136,1.8016762052322275,18.52536627502949,0.6514010602769764,2.7716598405727852,3.106422748783337,3.106422748783337
34,8.38,1,1,4.725467174639986,23.85238088796169,23.41934851879958,2.9421673838663045,2.7434812310274697,4.178085683037151,2.409387879213739,2.0694591781394993,2.5269425722993253,2.5269425722993253
35,7.18,1,1,20.20386269930085,10.288573732029139,26.325797903083586,2.3763965027497833,2.96451682218199,17.23968756777222,0.041576044427831305,3.1275676336750755,3.139181004041844,3.139181004041844
36,19.24,1,0,25.930906952995297,10.71956182813458,29.638169205632455,2.1002382360767045,10.052306981355077,29.850957838992375,2.5669347901736685,1.3432244077470399,2.807335530259406,2.924831851554168
37,17.25,1,1,21.437312101009777,30.42699307108246,12.71039106485713,2.517776889258963,7.651919674970458,6.535897183593094,1.9761990592610013,2.839886623186968,2.8344242491274247,2.8344242491274247
38,14.32,1,1,20.97280072015657,10.907719693226449,25.896802768840026,2.2384009146331905,2.2887559456831537,20.909754183665093,0.8517219602879278,1.652958397832261,3.0322855962698263,3.078820370716599
39,22.03,1,0,22.064325427497206,5.8117464032939266,17.95687965903041,0.8946977982828387,12.310894976938105,9.804343876226497,0.7450342940425335,3.08103736306178,3.0655291037677688,3.0655291037677688
40,16.0,0,0,0.0,25.566041930654812,25.566041930654812,3.141592653589793,5.046778891491087,5.046778891491087,100000.0,,,
41,18.59,1,1,13.00523362574083,32.0886021902622,31.677544156569333,2.7310059842330685,5.995179784927221,5.502249636957598,0.5337747234897838,1.990435578103773,3.0444295749684653,3.0444295749684653
42,17.88,1,1,8.902582368032322,29.59259789626453,33.59603091547571,2.8887336021009675,5.87889890966837,3.0972230991163707,0.5446170389852395,3.048820340505492,2.9648332189775646,2.9648332189775646
43,13.01,0,0,29.957694352329586,29.095220963374725,25.566041930654812,1.9879021428372259,5.108214262704727,17.27299003351186,0.47114342481107657,3.0492288723037078,2.328248872657967,3.1226516270074525
44,17.74,1,1,10.50850915637894,8.486204424134499,2.0783252019113916,0.25944312795839175,3.8645506305649606,3.0209392282037095,0.528767187068311,2.330440031326086,2.96565231537307,2.96565231537307
45,17.0,1,1,32.52779278098193,11.545638794787411,28.000059343383548,1.3513442034452847,6.975287708890583,4.609437457575483,1.545394857778054,2.564098618536087,2.4404714480528145,3.0770113843226907
46,15.64,1,1,9.003868886839703,19.978625975662098,16.35959553320314,2.681512011396612,6.633544452523101,3.7852453496437986,0.9384152841840872,2.999651372163762,1.2473745259255649,2.77402796884241
47,15.56,1,1,10.791198465601491,16.336428028042114,22.83819013609003,2.691926177387075,2.510495792727014,8.869216775482489,1.4822748176848115,0.877064312680498,2.5490736395617715,2.8703944414279445
48,18.41,1,1,13.510012388865531,11.279705787000825,2.317422822576845,0.3017090302187438,11.606539538660956,3.9112383814464806,2.0192761369251864,2.5007669701434594,1.9897140721490478,0.9423615964540611
49,12.72,1,1,7.871793429867179,5.682518574549488,2.474556821493504,0.5782793710305167,4.492275706599048,2.7124989625988865,0.5242739320421638,2.451125336306633,2.947087762088476,2.947087762088476
50,22.03,1,0,13.070399621962594,5.959273193813142,7.4482038087112015,0.45226356846097604,6.735478806113185,6.553448746499821,1.1999095770451387,2.962489008358714,2.9574579871338065,2.9574579871338065
51,21.84,1,0,4.131219452147269,9.460452223239653,11.3911743851984,2.7879278551608304,4.462487424486481,4.196699793468676,3.797197357730869,2.123868013890553,2.0106697450306252,2.0106697450306252
52,17.75,1,1,18.725976133609166,29.10277290624555,26.184571030559198,2.4583147451601772,4.670911141147946,26.203886164782883,0.8764710357631256,2.4574985871216932,2.7098535975515587,2.9654798930451967
53,16.81,1,1,25.650581072960122,27.66874637932843,32.854106341072495,2.282192697671384,5.730494077756298,9.228419825484753,0.23390295486228152,1.9084712506697792,2.392482698426,3.103394517062416
54,16.05,1,1,19.421158321657852,31.419389305538708,18.74133241924117,2.5256137940650314,6.8438356251520265,14.780216507494064,2.4938390483943844,2.4548139649766503,2.8436120093990747,2.8502260370220194
55,11.84,1,1,13.070768852160151,13.342282331629024,2.988023933789687,1.7741126112530288,5.556998348119243,2.4879773761431183,2.136057506945033,0.3945475330673402,1.4728785251670988,3.0247665956784235
56,22.86,1,0,13.217260833580454,11.414980043210765,23.096621391489276,2.758432798158961,4.438499482505322,11.418980286247102,1.8630070216015933,2.1477803615255997,2.8097668915257645,2.7629397013409958
57,14.68,1,1,6.907532674305639,23.36669649904539,18.106480392735083,2.9235010166140785,4.689789475019108,3.934702418150577,0.42150176776292836,2.5624958050799687,2.430988925133893,0.01666252382917144
58,13.86,1,1,20.87089423611744,15.056416296748706,6.993828151291681,0.7080244026808558,3.2917374319650703,8.846380786496816,0.591601600952627,2.7952942631683784,2.333337667600567,0.3892629502758372
59,22.18,1,0,17.50744897216611,7.366795547291915,10.90585418058577,0.5923906781639038,9.302906244507685,7.38717933981571,1.8439743426083912,2.196313118083822,2.889306709135321,2.889306709135321
60,18.88,1,1,17.01099476597709,13.766205606665915,6.007864220311572,1.1750128890919787,1.9787568843342043,7.908530329492324,1.1629054336590272,2.5133857347092508,2.9060111512946443,3.0662711650073273
61,22.25,1,0,14.290877024990449,5.0529225713640145,11.119812359172254,1.0588789535416185,8.473752829679414,5.821709201952638,0.17787267701309575,3.120600096261684,3.111034555152048,3.111034555152048
62,18.22,1,1,21.261026486115387,36.37757921099341,38.05182147390582,2.563916520824489,0.5582452239831538,21.942435579315255,0.4022629258933165,2.3369475341414487,2.2698891289432934,3.1223239961167857
63,17.14,1,1,5.8153504552778275,29.05318302881803,30.175479316340606,2.948580675281447,3.520248740771032,3.188621852023223,1.669899097136392,2.6473448231610166,2.5903976882369437,2.5903976882369437
64,16.17,1,1,19.175962115236874,32.2903984172029,32.96221329086534,2.5453856621598296,11.205806545023878,7.984248676193648,0.36243474251431085,3.109243535179658,3.0961833302670505,3.0961833302670505
65,15.51,0,0,33.21661785669637,33.13286013669511,25.566041930654812,1.963330096874872,4.530009992317897,30.954807189993932,3.781857680389194,2.1537409014829194,3.0191131417103456,3.0191131417103456
66,22.41,1,0,12.292095632462349,2.3189949979463105,10.220156234896805,0.5144191565136059,6.814676527326881,5.868991576386866,1.5590009404735763,2.910777552126667,2.872731654083706,2.872731654083706
67,17.0,1,1,7.318777265616164,5.225078205740083,4.4816431455438295,1.4384990950870662,4.010705970998123,3.353424482301637,0.4063698399557193,3.0400972127430315,3.020113537516867,3.020113537516867
68,15.55,1,1,5.202798572201312,1.960272448054096,5.983536822858198,2.136608920268609,3.134477513988578,2.4138416440189263,1.1944824748559457,2.750629946944815,2.5590457228369194,2.66345225075362
69,22.47,1,0,10.631113259226431,6.2175141226779695,11.860969883529764,2.0371695395455385,5.3236412174375545,5.209488192692257,1.461964185313449,0.27819171866294307,2.7418058183820935,3.0490352182323277
70,21.67,1,0,15.133856319398568,15.220038821303973,26.303295951302374,2.620685409123418,8.699574564569234,6.440306328063906,0.21114073800238956,3.117320033075207,3.108802508496161,3.108802508496161
71,17.73,1,1,14.657938005411944,26.595481119801168,32.84762799263899,2.689194186068901,6.415449758956894,16.430222533885537,0.2495115885228843,1.4966136973624193,2.741620702994815,3.1033173023763254
72,13.66,1,1,12.985966733597463,11.699084903517027,8.103728455137176,1.7505681918200398,1.9146584765957622,4.996555853885761,1.4561972646422476,0.9587070190012342,2.824901428338439,2.976963686985665
73,19.65,1,1,6.59081617077127,9.282126143944614,8.235908242810869,2.378999565042569,1.6348898435062826,8.510386159352583,0.36023173731187125,1.0056045972986307,2.2245073595168843,3.0281715955918433
74,13.36,1,1,17.83471950833542,3.5328365998585363,18.16851567704143,1.762814227491702,1.2959733399264044,1.0173680099157931,0.018822378285386247,2.812736877863847,2.1344677990219574,0.004050171897133706
75,11.61,1,1,13.658602190403668,16.869523817582998,3.2262560118657735,3.0538586709832445,7.447716539027246,2.1795051331208146,1.3549862025780917,0.19486339386066548,2.4706884971330862,2.4706884971330862
76,22.11,0,0,62.37252753990334,52.17041124733444,25.566041930654812,1.3765338314358244,2.506076446160414,71.48194362477281,2.0310571665602937,2.1966676600238038,2.895252630833603,3.1082567567929953
77,20.87,1,1,62.46181476666604,74.24589258593166,16.53064363558782,2.4459071976449525,21.447199061781937,5.347220125457712,0.2868385472873199,3.044321218037699,2.9271999066263925,3.1195972504586473
78,23.21,1,0,8.622629967852038,3.4674827001731376,12.084059492095363,3.091683318437261,5.4835726429035345,3.1463304201084776,0.17048458074633524,3.1104975868093816,3.0873808915585013,3.0873808915585013
79,16.02,1,1,14.8535577359298,19.492870064372255,4.895431099024887,2.8595088285527472,2.9923332754390843,1.0444478160731616,0.6937737890615148,2.8502940515907316,2.3026772410001,0.06982205644642972
80,15.0,0,0,27.389035956413288,2.6343419712899836,25.566041930654812,0.843084438552132,3.0907149472088165,13.702194904941324,1.4734046719213063,1.599641554581246,2.446330361835207,3.0787648170415136
81,15.72,0,0,0.0,25.566041930654812,25.566041930654812,3.141592653589793,70.48313429312647,70.48313429312647,100000.0,,,
82,22.16,1,0,18.671277015536457,11.706871406972924,20.438192076925496,2.016178298660315,11.356339236303223,7.316828602263413,0.1297176000326451,3.1301699214684544,3.1238630601817983,3.1238630601817983
83,16.96,1,1,19.90100368373917,30.180008354568095,31.313493565841544,2.4834648429962924,5.320301728172941,19.55761309295692,0.6419977052433494,1.7697622670500956,2.871661098659927,3.069919889106657
84,15.8,1,1,24.080949310295054,27.245813778298125,18.947860520071917,2.100235845512135,6.338879980816801,9.162239026056897,4.263744326587008,2.2847839758719326,2.433560764077701,2.7193185712220718
85,15.72,1,1,6.13612774861313,18.804505130999857,24.72961251771042,3.0675950673951724,5.653741160859772,13.913749064475756,0.07773559536920782,0.013749841500694767,2.560748993341559,3.134999027037846
86,15.03,1,1,12.917496977557223,25.342025142454577,20.487742511199222,2.6100017230249617,7.015109293189948,5.902810015933091,0.0520341486410092,3.1341751460902816,3.132777390617441,3.132777390617441
87,20.5,1,1,13.275298383396136,7.119869063887342,15.706002834575704,2.1431835479299695,2.877183576850806,4.009732376605701,1.7136569370111785,2.1011133104073925,2.7000060704304887,2.7000060704304887
88,20.42,1,1,6.346614277526246,14.443475185401192,19.43042632712417,2.9067264238361377,3.493394362221362,3.2656158440484075,2.5350009167361853,1.0258694963484094,2.252864823697413,2.252864823697413
89,18.61,0,0,0.0,25.566041930654812,25.566041930654812,3.141592653589793,17.592335106508745,17.592335106508745,100000.0,,,
90,22.75,1,0,13.099581831127283,5.719119597455538,8.157531339051049,0.6835408048770139,6.814413059310391,6.7007110757963595,1.6627314139634335,2.895102048363036,2.8908303092299015,2.8908303092299015
91,14.05,1,1,13.094518060417496,17.92646931950907,21.42893815137139,2.486165807488248,5.498186203003673,13.06611761848178,0.30664304027633454,1.4684336569814322,2.3174755701150285,3.0887840341826664
92,12.06,1,1,15.186283886626123,8.227019024968888,23.410569949490775,3.120833073059575,3.5662121269632854,21.063263202196385,0.8711791151389665,2.861592345813377,3.1002207313005847,3.1002207313005847
93,9.41,0,0,0.0,25.566041930654812,25.566041930654812,3.141592653589793,62.1014246500972,62.1014246500972,100000.0,,,
94,22.99,1,0,4.987873077104111,1.6899233066917552,6.493849562193448,2.733641162478009,2.416360858667427,9.182775168542465,0.9807457261402263,0.8097891557872592,2.6729488694451495,0.2660131814418084
95,22.72,1,0,28.298079042242428,5.3761654694214895,30.814025229800798,2.136620860468619,6.109132239762042,25.230174557257826,1.1085420599529952,1.8379533944075286,2.820086921969312,3.040621208219162
96,20.17,1,1,11.999963723028497,13.131720499629894,12.553408874214208,2.170321688013695,6.021670782515428,3.4370027931324123,0.10387809596522868,2.5143022696318793,3.111364596348831,3.111364596348831
97,19.03,0,0,0.0,25.566041930654812,25.566041930654812,3.141592653589793,19.490886628437405,19.490886628437405,100000.0,,,
98,23.13,1,0,17.865826422961803,20.084840403132418,22.595049207445868,2.2853402928516537,10.413109954768558,7.65799989125751,1.3418101673421234,3.0123755892281663,2.9654666921346036,2.9654666921346036
99,17.77,1,1,18.529184336837385,30.675680066966727,27.34859264585657,2.501390183341179,4.688534533113728,16.645833295071174,0.5484677271786791,2.103420725656269,2.8964988806895926,3.0337529649900183
100,16.07,1,1,11.89045894187857,21.95093006497219,10.193116893139212,3.023119359910869,3.465504660637469,9.699432153739725,0.3517959925219849,2.37418744504018,2.8909202922895743,0.041559191821200325
101,14.96,1,1,9.050068397271923,14.016216147334486,5.363753723475752,2.8344053647202085,3.2115963769128895,3.0203447745249212,0.30923886309452076,2.7203312615242994,2.630030735040112,0.2061425512695911
102,22.41,1,1,35.52903298966916,10.182377916798218,38.303892662371794,1.9774744955669432,4.155365454638136,34.36156179766717,0.10628304567135412,1.9088075280341534,2.614985954812844,3.13709948327312
103,19.21,1,1,13.001996357932882,33.50108817164153,22.6631339304519,2.8801758947460736,2.3810044037338494,10.910289880681448,0.7716482107748469,2.6891822933294733,3.0460493822543286,2.99748944391983
104,18.41,1,1,4.169028383508559,26.861693482215525,30.927959779623354,3.1096749136084534,2.4658200020480003,2.3189444292608634,0.5987015775362647,2.645700206371405,2.6111053658791965,3.1233319779134994
105,15.85,1,1,18.673149344748996,6.101347540355328,22.735874058467598,2.40469816925602,2.7154287897125946,10.537469498987882,2.033379270983941,1.132786980373628,2.571790599522551,2.8755994717354065
106,14.65,1,1,7.805059893434517,23.415696566348394,15.677232787485169,3.0884844048599738,4.685229109552704,2.1828741815551322,0.46535306539483234,2.554926566372511,2.9267602978866636,2.9267602978866636
107,13.77,1,1,15.971132794116393,18.07717939319351,6.599896861754735,2.0749453043904516,4.401081266336712,19.806295414549382,0.9155807086199251,0.5767156585873146,3.0201310221355806,0.42244937825129086
108,13.05,1,1,4.67178436955303,4.879790101817905,9.033056560710778,2.8179846756744884,2.410544350909144,2.450191378688612,1.79414367778321,1.813593271123489,2.3199781228096064,2.3199781228096064
109,9.53,1,1,5.149094396221534,11.032190795757659,8.977539777600542,2.6626092686000224,1.3226478657979985,4.083214722066426,0.6948356048444972,2.588481763362928,2.9705917245192746,2.9705917245192746
110,8.09,1,1,21.91973737612976,22.16608217413488,31.886534165035876,2.384661569203068,4.5835918273882115,18.49617810870127,1.5439583077375123,2.4867458847986694,2.9900862887740214,2.9734862273687015
111,6.6,1,1,22.919986834119257,22.38060292963083,26.821477677115407,2.1881264040579222,4.416389070020894,12.1532770307436,0.41977638882748525,2.0140516311375363,2.0154491291667225,3.0980609480015833
112,0.64,1,1,25.358276462697535,16.76738814323805,27.81172269410509,2.027857787627601,3.734461239282047,27.16829566094458,0.8870833775745893,1.1281371165187455,3.017063098083159,3.005285178441052
113,0.0,0,0,27.7029546704643,26.399249733160982,25.566041930654812,2.01746821887794,7.3504174805108855,35.40145058864255,1.9977142017563874,0.27524467822991266,2.5888187641777707,3.084211660746154
114,22.25,1,0,21.27110311728332,5.694583470105599,16.978608597187822,0.8211609230826552,11.204326558834309,10.150556519565821,0.9437212225909116,3.057264456644798,3.0484858271594346,3.0484858271594346
115,19.79,1,1,39.72196147480257,35.36924193608905,30.68291959153333,1.8578847678219752,6.9961442747058875,16.284923242217012,0.5189296137597719,1.7531925785184659,2.252768548696244,3.090685876244991
116,19.0,1,1,19.918373360706443,28.59926093717284,30.5825145267357,2.4582159386151567,7.002679221797903,6.265730994433135,1.1137654707318538,2.008841722980162,2.962887931022525,2.962887931022525
117,18.48,1,1,10.052128176858874,25.077401696356027,28.224348837902358,2.7807945762268065,5.320930395945812,4.8166616070157975,0.655962732367417,3.017998527792398,3.0049819566645466,3.0049819566645466
118,17.17,1,1,8.278119590686037,21.286208491889763,16.88524793566562,2.769625668133848,4.733399023545338,3.8756791324360207,1.1756872136215932,2.890583953255069,2.833386310672394,2.833386310672394
119,16.03,0,0,27.865817583814046,6.147200469677235,25.566041930654812,1.2966530312121045,6.160873363777249,41.28120770508174,3.63793136873484,0.683636901604709,3.0410973687637943,3.0329224338401413
120,22.36,1,0,22.31602421260785,4.454376762241819,20.42522056990573,1.2290969662049496,11.565166570685433,10.772629899926946,0.49269368989069506,3.0989782355872015,3.095841001302139,3.095841001302139
121,19.15,1,1,11.804379645559523,29.280845377802876,18.377267377673434,2.94631090956308,7.5456419270529915,4.69791383492716,0.3174533598222231,2.9310573639637463,2.7992841169271365,0.04873451129535919
122,13.15,1,1,7.854524592628126,3.600205611864411,4.594469216928116,0.5826963807403103,1.2911377987263826,7.991973861850402,0.09488926173834002,1.54559698159623,2.979379180421799,3.1240445015538616
123,12.11,1,1,5.240445206907519,3.960328204694657,1.7600588054096453,0.8986709240866388,1.5912365065256673,3.953000572350072,0.9533882976039362,0.6757287741984689,2.8644003748225986,0.4345273976379412
124,11.71,0,0,90.01507980207428,81.19985647015517,25.566041930654812,1.363217201543607,2.107911440264982,87.9448842945137,0.3677308501251544,2.954357714898692,3.137131063814578,3.1376049380630513
125,19.74,1,1,18.43163530163561,33.390059617416085,35.036756235926006,2.598205403923639,6.977467014153491,20.125323095187813,0.27740220062006565,1.5061416015958151,2.7883133180291337,3.1055425216982875
126,18.78,1,1,18.436078808276996,29.85648706383422,34.95530523012065,2.5860560458215214,7.819804389944806,7.773883076982829,0.28187736866620877,1.531719845452297,3.105325170660144,3.105325170660144
127,14.82,1,1,25.607045103896702,31.40910377167104,11.029368916497445,2.28239256088177,11.277118186602465,4.066722351993065,1.52828622106987,2.720545587855203,2.7563295786008646,2.7563295786008646
128,16.4,1,1,16.21951139428374,30.61039230717732,16.61739384469178,2.7759029624263096,7.8169540269148365,12.32970521465943,0.29326242387774737,2.3170815800113442,2.657406528256852,0.02904385313764224
129,11.2,1,1,14.975701150069733,21.841374655021145,25.045218411441336,2.5054426830532064,4.628455312304529,4.380456588644611,0.6415685588086943,0.5362650985954828,2.9946023370648795,2.9946023370648795
130,10.08,1,1,8.588411135128544,8.697540022615597,10.516219682614098,2.2330091690345117,2.2917507144102705,8.368525886779581,0.39021335602951546,1.2926919360288045,2.710290652623968,3.029707485625633
131,8.49,1,1,9.696838098024532,8.115245641691942,1.6060369991068069,0.19112926537601757,4.101476521656564,2.1992347547499342,0.2937870753436862,3.031394728637904,2.896421746505276,3.123895800067774
132,8.13,0,0,0.0,25.566041930654812,25.566041930654812,3.141592653589793,60.4079322685258,60.4079322685258,100000.0,,,
133,18.49,1,1,23.32724444243683,34.61132832821069,15.588350144656104,2.551825393971773,5.390002196400293,18.18511317228463,1.4254858596803157,2.8739398837882586,3.0631246375662977,3.0631246375662977
134,13.76,1,1,11.766834874531892,7.812323605362234,8.44647434809341,1.5246867315163632,3.474514202417365,7.613200229299108,0.7860070418951939,2.4073706504710275,1.8644096326498716,0.20529465580632159
135,10.57,1,1,14.363065670590665,27.823328345638306,31.601257231523242,2.6699037580121248,9.901145559550168,4.492653914391805,0.43545640935879304,3.097598056072577,3.044513922925366,3.044513922925366
136,1.45,1,1,15.525315485454716,15.45750339703343,3.2748733922703037,1.6560789771332824,2.4240308331578606,2.257382907749592,0.6150801291121255,1.0317838247767985,2.022993978856229,0.19381373652970116
137,16.1,1,1,8.860815483847974,27.25532964838254,19.716314037223093,2.940407172898601,4.986041625177231,4.188798265517206,0.1979064897352579,2.9016136376758936,2.854755832350889,0.017792739364913705
138,8.74,1,1,28.785694639964827,25.55383424800279,6.478193482360647,1.1552665460427403,7.456376614314758,3.355855989594906,0.742669148769449,1.9252620455245544,2.139255974547149,2.982896737295034
139,20.12,1,0,28.899736833855425,6.401530802753355,28.457641448294687,1.613686877929613,5.255518434579029,25.660147138208306,0.32903227807460705,2.30877536263662,2.98948036236988,3.10528143719187
140,23.06,1,0,10.322055905414386,26.116747766421838,19.814332570202815,2.7802800059316195,5.416946843204205,4.921585479212974,0.2913882568512638,3.087774705162554,3.0823518328180755,3.0823518328180755
141,19.35,1,1,9.373661968649191,10.447735298101701,4.175915621477523,2.030668495811062,4.656666260716992,2.8521447867350602,2.8123644069595892,0.7944885315565217,1.4035834380066838,1.4035834380066838
142,12.72,1,1,15.24300235760659,24.218292235159772,23.45326710281534,2.491424179467834,5.397198245256514,26.480070505089298,0.5051533083282235,2.144678159405999,2.1613465843345767,3.067141433627535
143,11.68,1,1,11.067885086162576,25.07356349881285,14.285403245708537,3.0108532893236335,2.496223141067317,10.254652828570062,1.0946936975744168,2.0115099586912484,2.9196103292542652,0.23120356692691124
144,22.14,1,0,23.348138959861455,8.394335629345541,24.40225867819822,1.870107421862507,14.18782751653332,9.376690010835388,1.5588357472289,3.0314990392479984,2.974571350805118,2.974571350805118
145,19.11,1,1,15.941541791624172,25.171683055787117,37.41215005437271,2.807234175798747,6.461369239162859,31.0475051850193,1.8115579823949826,1.4934982458739205,3.083211554936002,3.083211554936002
146,17.76,1,1,20.988526914759884,27.31363976738545,6.328871255611067,3.11138257868748,7.9917745143991645,4.878297339625784,0.23205715920800896,3.054632646173151,3.0940054012695066,3.0940054012695066
147,18.24,1,1,6.33161422551942,24.8418008284927,30.43207749284462,3.0334156330257573,3.942443433836427,3.4284948639599837,1.880661992072508,2.6443208456127527,2.5609771676462945,2.5609771676462945
148,16.0,1,1,3.60756666812964,21.40357089743906,24.011880229563452,3.0316028110857958,3.0687540807956553,1.0225913499536305,0.7947286382059372,2.879632463743471,2.251434487210189,2.251434487210189
149,13.92,1,1,7.036030078737584,10.056166085541758,9.067194209836918,2.3948339911052083,1.4495419528251015,7.322232869726284,0.5051296451730828,1.4721858113823003,2.9432928450905465,2.9838326337463554
150,12.38,1,1,17.039215680599852,10.352737861672148,6.692164670605465,0.05289951655508511,1.9495161871602857,4.552611119753144,0.09427250033748366,3.09321691780301,1.8109071012793552,3.1353462052747427
151,22.69,1,0,14.248995210094643,6.425141848332999,12.172953529185103,1.483932839061926,14.50579780773536,0.8534497263459596,0.8208697646142523,3.084973326392649,1.2935966866671933,1.2935966866671933
152,17.91,1,1,16.029298980257995,31.7976271025638,25.878367010744707,2.6162789539443745,4.550811920448923,12.98268188288537,1.2450072390738318,2.415536109690619,2.906713398843553,2.9295152252812366
153,13.83,1,1,18.829695571105237,8.886627389538733,27.549525110625776,2.9815979019617105,6.553420609620595,22.02991440848103,0.5709879700125727,0.6563248076029157,2.7925636497732254,3.078651747123844
154,12.64,1,1,13.627572414836036,25.353648804763782,22.540184162390958,2.576319156906293,8.56179420785153,5.071687977310909,0.19399711769073225,3.1189322489246654,3.1033323234625025,3.1033323234625025
155,22.94,1,0,4.308955769104623,6.3234738822027206,2.450453826457456,2.6570909240821967,2.7290987817226413,2.574827759307408,1.5453379068645272,2.539649975732124,2.4978773136050285,2.4978773136050285
156,21.89,1,0,12.148248669009865,7.178364980913136,5.308948032341245,0.4725565202583975,6.578175319600415,6.154606693599516,1.905656805129136,2.84768571790997,2.8267877543334676,2.8267877543334676
157,14.7,1,1,20.109009618290507,28.113091287885787,20.493658305439272,2.3454255350832236,7.115733826928884,16.786391112118174,1.5038166791165275,2.220929453350176,2.797412587833394,2.953516750083967
158,14.0,1,1,10.930815540114104,28.776984543959777,22.765040401082093,2.7830033757271937,2.53973682488954,10.487621077370216,1.8671346623590461,1.862035748550657,2.9074929792411166,2.739460761893085
159,5.32,1,1,18.002282528224022,26.630199359022832,21.494328688119108,2.4037914744292013,7.542714957162308,6.394433188782255,0.48453670497196033,2.2474712541471926,3.0657451813281775,3.0657451813281775
160,3.32,1,1,9.824333338364491,10.612633602348666,12.814739291963765,2.2955883069896763,3.646031149578949,3.165919812582119,0.5883941892857578,0.22739230791388332,2.9546532215711268,2.9546532215711268
161,2.12,1,1,3.777906102446171,1.6225627596182544,2.3536488790386736,0.6457033889461009,2.6849816396020296,1.5881986629512075,0.011379773116165722,2.916959235133723,2.4536333656428346,3.140682093024598
162,1.88,1,1,2.705808330277664,3.0226383764023104,0.3195791459091151,3.0174431294989414,1.430668527682075,1.1717810516047802,0.47401509506342826,2.803885958936411,2.322228289611859,2.805290279197293
163,16.73,1,1,22.095072729097325,29.77566837581485,16.27763706813738,2.3244820776455697,7.723576314279542,7.133875836885584,0.5784307018220086,2.6592486307811702,3.0604212964390527,3.0604212964390527
164,15.36,1,1,18.06509143316192,17.019522115597137,27.01894082707537,2.4247393628033933,2.7350099016456917,26.046438081292415,0.3529638376861497,1.1958988764036205,2.81434982925425,3.0748259516613135
165,12.33,1,1,16.096766120187002,20.148367389468564,24.1878401339392,2.4202309783650424,7.016469348618293,4.1352235360739575,0.9137978318485573,1.2063133709963354,2.9187744143246817,2.9187744143246817
166,11.13,1,1,10.488836891905603,22.8058581472612,13.95702243354219,2.8246182273459066,3.1356375434191994,2.861202282066055,0.1091941592669756,3.106762020441758,2.8303829777177465,3.1267476997041843
167,8.89,1,1,6.954347167959045,16.49574564869985,22.769616346677868,2.9866296520643436,1.5681140398580797,7.611478092755706,0.26051778240915624,1.2386069162139317,2.945583279154858,3.120917061712425
168,8.33,1,1,6.289979501206663,22.588950627829085,17.091419383740487,2.98588921451017,4.599727620544503,2.7532578360916427,1.0655129771908292,2.7347375474678355,2.419289495646231,0.06123457787602845
169,19.15,1,1,16.083452323133244,38.044141407340234,36.72966387309854,2.709420648102705,9.461106820198156,6.636441024984701,0.3315180065495549,3.1065453921624275,3.091617668527488,3.091617668527488
170,15.07,1,1,0.3385020191963427,28.089582609303754,27.753531009543625,3.1401365350704897,1.9051434980336783,2.067215208656324,1.185481838048659,1.147994125238735,2.1434878030283233,0.16654363564203842
171,18.82,1,1,6.583942294795724,3.698560301482185,3.604718684238758,0.8952028171690554,4.281598747255514,3.0645847461768785,1.2931055618044658,1.5284283372042757,2.478067393611731,1.5376678407520377
172,18.32,0,0,0.0,25.566041930654812,25.566041930654812,3.141592653589793,7.9947724191811735,7.9947724191811735,100000.0,,,
173,22.52,1,1,15.585107698466505,30.82333311036949,46.09719045770143,3.059351162737335,9.127827433869465,6.561711803127289,0.8912794102389593,3.0437926207872197,3.005341152445727,3.005341152445727
174,18.0,1,0,4.702633558050219,9.168021490430748,13.755750070675907,3.0495563672803456,3.383396149388958,1.504662640527772,0.38692887135231435,2.959932612912142,2.7232580740441965,3.095996722981173
175,14.36,1,0,4.861914485683596,18.022296030245425,22.768568015105824,3.0895504662387836,4.097837442176052,1.2683091806811164,0.9233824871909794,2.9143067178574866,2.3261310706984113,2.3261310706984113
176,7.34,1,1,36.16176075244263,15.45428879596211,20.72145712529165,0.05621317929940407,7.504655485583598,2.5239297156022427,0.6417475009657132,0.6436196808023998,2.8845047936685324,2.8845047936685324
177,17.46,1,0,10.898922678439368,24.94699807873685,16.471230650346076,2.801947573200477,5.954321940347196,3.3354282668496977,1.3004348979682456,2.921416174598227,2.520637480376047,2.8913773116990797
178,16.5,1,0,19.328780459791034,17.25911078110921,24.951494171792604,2.2587126397447306,4.83488010136756,11.623182077047574,0.47014978010144415,2.6433837465097128,2.734132244491507,3.0691996608261243
179,19.67,1,1,22.300960199995874,11.638938997176677,22.946166238868752,1.8841700217392647,6.468898959830797,16.66710091371622,0.27658982032087975,0.8187481369656979,2.4719624670078217,0.02978441958116016
180,18.97,1,1,11.087323771934326,21.299274841940044,18.54902082858823,2.5944189201804515,8.029801934419057,7.995908821322316,0.4530090784589481,2.337043785963761,2.332629297628209,0.06757993628540775
181,16.04,1,1,9.285573577291819,19.89651928289971,20.537247768678743,2.679224246140429,5.571301426578894,3.899034517992882,0.9155587998667817,2.97650903137233,2.904562561771801,2.904562561771801
182,15.88,1,1,9.15558420992347,20.3327039963331,19.12790133711746,2.6772153857568592,3.6704130505979853,9.779100664222655,3.6692854416202114,1.5955846933298237,2.756961716569486,2.756961716569486
183,12.68,1,1,15.58116558275407,19.601931448857275,12.48224472788849,2.2236747956950333,4.717974122862482,13.53355182072319,1.081959293318812,0.4693615168463073,1.7226185205229878,0.05177412659054278
184,9.72,1,1,0.8871194792698438,2.5510872835714578,1.9623737085733703,2.8438961861378593,1.2293223158309619,0.9784818502660138,0.9696158738481999,2.2328357984968545,1.7055157979759334,1.7055157979759334
185,23.38,1,0,8.396045638775435,13.105885509899743,20.290615066700173,2.874393428491259,4.746650120253228,4.658703510259054,2.1093841895293726,2.6787698018877744,2.669327916886243,0.08559608566402929
186,22.82,1,0,7.529030527664237,25.317377838457126,24.456007788608918,2.8398583526947814,5.116353204627298,4.627386079094761,3.085968565292585,2.494138369833183,2.411562115671608,2.411562115671608
187,14.0,1,1,17.44727008102987,31.353791105322497,25.109498410541782,2.5524805667488315,4.943008584141848,13.801658277297697,2.951707311586477,2.501651894484618,2.9260616922028704,2.9260616922028704
188,12.19,1,1,11.922812620225146,31.342978693500086,23.035399847091867,2.8219588873157675,5.106318884920922,5.057082272951473,1.6510106071958297,2.3817722546879163,2.8090209071337493,2.8090209071337493
189,7.48,1,1,13.691496029262103,21.876326483038692,9.202106340724391,2.774522311814007,2.738539600316191,11.2308551579833,0.9551892204875749,2.7332755684904604,3.044620053622001,0.11516859108304808
190,6.83,1,1,23.154829295170806,3.522375722179565,21.77997565927244,1.2431909540698107,5.3967303294958135,15.863800634680834,0.06735784672899656,2.2394945767116123,3.137346631424204,3.137346631424204
191,6.2,1,1,19.681967764682476,22.037638290207052,24.79173328752954,2.2815777184070405,10.001486995852167,8.343565798446132,0.3533943529508772,2.000968489597115,3.0992246648684763,3.0992246648684763
192,4.68,1,1,14.22937349524918,23.709342183571863,10.104368014131321,2.8714277113173656,5.03779837945109,4.4766545368835375,0.4627805230988273,2.7835360379617344,2.551912379548863,0.15117212568226868
193,21.83,1,1,27.862952697330908,53.647835847307014,25.785055432946038,3.1389582090666472,4.51361777806894,28.625494424671516,0.451783526726002,2.131272253474598,2.729603040287884,3.1171965365070187
194,18.7,0,0,0.0,25.566041930654812,25.566041930654812,3.141592653589793,19.823116769582427,19.823116769582427,100000.0,,,
195,9.44,1,1,17.988540050960225,26.636825302571253,17.724254447205954,2.4059911018890072,4.256008647841305,13.92280315445493,1.1061557333908232,2.878669366832471,3.0620596207965027,3.0620596207965027
196,4.48,1,1,11.203912376366572,13.6812710453744,7.4471611321160545,2.1830412864292907,2.589219156734322,8.878716185873952,1.0123665126769146,2.7398824438851888,3.0273224092353224,3.0273224092353224
197,7.5,1,1,15.452856327824964,29.80705825491674,17.05670675792956,2.751941244236412,10.299389268126536,2.9973928674933474,1.9032118712087585,2.74933937241497,2.226218132069972,0.6505223163498135
198,6.24,1,1,8.741824152257925,7.5795535300240475,5.303921031887634,1.6849922760241864,2.4782449009329164,2.2124661421364165,0.4391594795473532,0.17814663354916066,2.7093168882084404,3.1023350001802585
199,,1,1,33.612606531148394,25.693245948116406,39.931641888670185,2.1510034775354554,11.364624795962248,4.086837176509483,3.327858499311634,2.365024842804471,2.1900928013618124,2.1900928013618124
200,,1,0,6.335668345084041,13.629801975483723,7.918086777612386,2.8769036000796637,2.440262419187741,1.9819561400797934,0.11964685547158868,2.154883310953934,3.081187862557517,3.081187862557517
201,,1,0,7.672094156877896,4.8036013718042785,3.5089663720246733,0.80055094366807,4.078619908216506,2.643047971906673,0.36259876449847606,2.3383915755917304,3.003968999973858,3.003968999973858
202,,1,1,76.97493883920922,87.99867488329583,13.118342426175648,2.6104569238489446,20.979180901724927,3.752093975382281,0.4629668114844621,2.704389643103518,2.725160428620623,3.115257413087357
203,,1,1,0.0,1.7442533059449827,1.7442533059449827,3.141592653589793,0.47387765615188,0.47387765615188,100000.0,,,
204,,1,1,0.11211650458340074,1.969207580855812,2.058118952660413,3.1076645163465337,0.1303081770266166,0.02088249985035436,0.01104454517734086,3.0567337296351464,0.5572921245570651,0.5572921245570651
205,,1,1,0.39631692999416473,2.372844301866432,2.225652311143859,2.981299968687297,0.833542850068308,0.6184585306227086,0.5866298512743938,2.3608898509475953,1.2485786174660165,1.2485786174660165
206,,1,1,1.4286500923949157,2.5853224101647347,2.350424009280029,2.5618388707375663,0.5908493815686037,1.602788028218329,0.5875268561337669,1.4646965460098744,2.766277742414674,2.766277742414674
207,,1,1,11.709322086683757,14.205476995627427,8.2779829111324,2.172944625425501,7.308371604044228,7.247543484747095,1.1918170150149527,2.5086035785826053,2.5024316491404055,0.3797515071755793
208,,1,1,8.805862101350439,7.94044146506981,6.7340957225896325,1.8634784646552731,4.184008160042234,9.570721738453166,1.6309273254457972,1.6176383907112135,2.689678932913475,0.4313583192051778
209,,1,1,14.217004265399938,10.27406708899645,14.45779720572951,1.9590299871682109,2.514105812908438,0.938744980971938,0.6616525028618887,1.0862764469270516,2.3594138717708972,2.3594138717708972
210,,1,1,12.009242819815912,14.223204201462481,5.783226914119834,2.1607616109083803,7.038761320189795,6.324678959955202,0.30609575746395085,2.71293418685621,2.6606898881078744,0.1561555602934657
211,20.33,0,0,24.067443976679368,2.561180698545106,25.566041930654812,2.237069551923813,2.5163659970679944,23.854033720159364,0.010282665655721727,3.1375063266069345,2.9138059961720817,3.141115524099543
212,22.88,1,0,17.15816175246346,3.5630471690675094,16.105390444273617,1.3750386098977336,11.342340259069113,9.116763342338112,1.2191306371556196,2.632855750405424,2.490596998608553,0.057567646015015884
213,22.72,1,0,14.387041731561775,17.856583018721693,22.947762048901417,2.4639647118796204,6.124572209362871,15.671624908553676,5.586484099874453,1.5645403744090625,2.7400933982343685,2.409873989635338
214,17.12,1,1,19.000183252168913,36.43049916485499,22.199353835148,2.695219518597243,6.299083901647921,5.737672691893466,0.10767462381009418,3.1244981252686412,2.8034456535241326,3.1331158878970338
215,14.4,0,0,94.9569160420077,85.55908519969636,25.566041930654812,1.3301064125069046,3.153278282042361,100.79641222961955,1.504259649530003,2.644301811766226,3.090265755805726,3.1252763669741705
216,18.18,1,1,10.161884814009653,27.25789718030538,19.61667067991151,2.8508715121781534,4.469599421122657,8.096014616741991,1.1655970552894372,2.2589891888065083,2.701062284957985,2.911545749854577
217,20.25,1,1,18.142825326461704,32.69062280214466,28.33201269576519,2.5545078737951203,7.321356250183434,6.259815580901728,0.48677044421077137,2.238257189559242,3.063752924202227,3.063752924202227
218,22.24,1,0,16.115515277498886,7.058093303555852,11.212864637727513,1.0101464705245429,9.11699342591076,7.023045111701905,0.36552176972115025,3.0932108763494917,3.078768843130693,0.008829243019064837
219,21.49,1,0,12.805219807379338,12.317618451766563,7.03013702936152,1.7871171279538198,7.172180783053362,5.95054827831017,1.4280614360451434,2.94114178893227,2.899238946418898,2.899238946418898
220,12.76,1,1,10.299173390461974,27.705425595189833,21.358912898577028,2.8065836934373083,6.774232942592092,3.992297409474905,1.5105371331846345,2.9167194537654457,2.7535656037584295,2.7535656037584295
221,10.02,1,1,17.290499857219288,5.8589198377345975,22.719584437856696,2.807965921559751,4.915686928232921,2.6356873114237245,0.968713102669879,0.19836398580976397,2.669054637364365,3.0978068969791916
222,8.0,1,1,35.189343611867784,15.827052912939921,19.54018313879632,0.20179960999487295,2.43241413003625,0.9545071110264186,0.9361555816400593,2.2620740116843634,1.3743880298138644,1.3743880298138644
223,12.84,0,0,42.558189591077536,17.001258373135208,25.566041930654812,0.042244093902085264,2.436249788712152,31.028321611948332,0.031210494804000462,2.164285780735389,3.1144271321683825,3.140601340796483
224,16.17,1,1,20.896302580593055,30.442108694280698,28.325936803108565,2.4179588565687715,5.562771424074521,3.0979552576013782,0.36083135673498684,2.2316380994943588,3.024853643607061,3.024853643607061
225,22.5,1,1,17.33457184156851,18.792282036463803,20.059482917366037,2.2187635612437155,1.678811858726285,17.7731821690574,1.2192857748996158,1.352933099656935,3.0492366641805893,2.9875096784681627
226,23.1,1,0,3.5383874370113855,4.482787490881092,0.9610766997487765,2.976090979324674,3.5906212028561315,3.5746808221434256,1.0611052272928085,2.1115589767389813,1.978951089258236,0.08302029299821927
227,22.78,1,0,13.584164464920175,1.7823690173754696,14.62715452741578,2.2462283842010122,5.0393873714668915,17.965653933795448,0.28936453091029923,0.602045395227909,2.9820607408396476,3.0963773624546365
228,19.31,1,1,13.864500250009012,28.20176590940717,15.235176152066645,2.904240210708962,3.0118430286454188,12.993953232981102,0.8033250112778614,1.969890625229152,2.926362178554363,3.007262742981041
229,17.7,1,1,33.01954894104097,16.531446676213793,39.14226403712105,2.1562436134273075,4.305420935576456,24.365298857555594,1.9153595357019457,1.8912381517340269,2.8538656858888913,2.9757888974872824
230,16.22,1,1,21.639847406460607,27.304370848062042,26.31177695253972,2.3114587340061936,7.307503733950462,2.4432514159823953,0.5693230490443209,1.8486235507316646,2.9064120615259257,2.9064120615259257
231,18.89,1,1,11.607231560992481,23.607151705959787,17.92520847324516,2.644463397477075,5.674359263820014,8.646347142556792,2.4048751357221265,2.3457454990310262,2.6535724031441936,2.745758991662259
232,8.96,1,1,8.075661208823709,8.329492789678131,3.248862760105449,1.846226121972356,1.9220320262160033,7.700060484210501,0.050697056193079064,1.8858585204286147,2.901980442182332,3.122920393180463
233,7.45,1,1,5.306503770817467,3.378196827969026,1.9454745644700686,0.16682985821577037,3.8375113175728877,1.5495129609654767,0.41862091208083296,3.0322885730605496,2.868030436729014,2.868030436729014
234,13.47,1,1,18.16603347376912,36.18364351335698,18.493830857980726,2.9816819933155863,2.769708754724946,16.361281743668496,0.7147400273289283,2.339868703291339,3.019650370189775,3.029449960515327
235,12.46,1,1,11.413806537768195,20.73713377879644,16.145743806975887,2.5624539653434035,4.412115319707772,4.332423893676611,0.13473151237593864,2.250013081126164,3.1104892246851157,3.1104892246851157
236,11.3,1,1,22.005333693568478,4.4672182966696425,22.480939718232424,1.7769487355474616,2.491241259312304,20.226173856110307,0.38362421747174835,2.0550034462569844,2.8016106249189634,3.1035699402867114
237,9.13,1,1,39.271810984910026,24.441125396374446,34.55449434655932,1.7188149763376614,1.6121295999081537,40.14627905066422,1.3691478446858658,1.0146181510702081,3.107482060500458,3.107482060500458
238,8.91,0,0,57.47033456606461,50.938765102183226,25.566041930654812,1.549886043106756,10.81761399724079,93.9326633079612,0.7287207126792935,0.0674153274962202,2.8791596756034794,3.130917924646123
239,23.05,1,0,12.69999572885755,30.592585547119096,29.070977035455833,2.7155874117487815,7.401052126616865,5.701482874279284,1.5969126353497236,2.9241140302128112,2.857707662113782,2.857707662113782
240,20.41,1,1,19.48628855032173,32.61743159360344,26.51045299804965,2.5014343475252905,6.971255816687548,16.78392015926255,1.8654332903122224,2.1408069351824865,2.784358940060859,2.8959253665194855
241,17.45,1,1,10.591428080089104,24.449242338888542,18.98280241810993,2.71732524784873,5.080502306130764,8.143711982388618,1.6709345344061557,2.299569968744246,2.657516046957521,2.8230672079230126
242,13.38,1,1,19.304465527918666,17.799458388057765,7.334870163513463,1.5629783801272683,2.4296168498757176,17.057293868987543,0.58942639970239,2.8339089640325046,2.5973759657382276,2.977897797882753
243,12.9,1,1,14.677831508015759,8.826033098878565,21.851847596548904,2.649508322282052,5.9497558569406825,3.364950034220422,0.6407024819956779,0.2592497373439732,2.6762060668502436,3.061323893500191
244,12.02,1,1,31.794432397166645,22.351117905520972,28.994399356470552,1.827728566823477,3.211565356348836,31.75330440311685,2.3148177422522287,2.3366721565125133,2.211017105629798,3.063464799725684
245,11.54,0,0,48.803170749534296,29.740877461974787,25.566041930654812,0.9827404855071561,12.617713966186587,21.582880972662107,2.762308574716665,2.2835289166115227,2.6528229357882362,3.0213358377330493
246,22.44,1,0,17.796392672954816,40.86813506363729,26.330337157303934,2.8273873476422415,5.626335911061474,16.064593874085336,0.6886524259506038,2.0385708781402756,2.8236552316577552,3.050424528946388
247,16.64,1,1,22.52823972411737,26.919252975194173,18.759383451915472,2.1693131622430157,3.323617671589197,7.0171152870677584,0.42576402483553627,3.013137086425983,2.212324358338022,3.1194579632249084
248,13.77,1,1,20.94340549119221,21.78379424071023,24.76117381658027,2.216329520583802,6.901718232904036,4.2391208497163735,2.9738647971884613,1.9434901697856108,2.3640523436096648,2.3640523436096648
249,13.53,1,1,5.693591378286641,25.05471905811358,23.367348010026728,2.916380076301351,2.9568096301419207,2.8026339965468177,0.43406654856283083,2.994257853901486,2.986088619127569,2.986088619127569
250,13.29,1,1,3.379818279286632,23.717824177584248,24.81411460570375,3.0097118974152517,2.1656653946997513,1.3386034946913896,0.448727933834401,2.932879703352724,2.799752914923584,2.799752914923584
251,12.89,1,1,0.8453419296355754,23.278469450625405,24.029383761405533,3.1251770380682684,2.0452665651449933,1.2815538063226268,0.6897338479961025,2.79761520040376,0.568301426456901,0.568301426456901
252,23.19,1,1,2.1745135735607675,2.822469380542508,4.2729794651624635,2.6707621137175335,0.8353888411991114,2.8931022730626066,0.4896355882738061,0.6262579789493191,2.971531718370092,2.971531718370092
253,23.12,1,1,2.0853630970169204,4.26725925386542,2.7926997167078396,2.7111227310703776,1.17431140946514,1.1308796385115467,0.4911078976439444,2.710119656880204,2.692364159148196,2.692364159148196
254,22.91,1,1,2.3362569966722333,2.3547022881247757,4.351445233207009,2.7603764034386566,1.6000143718417135,3.6161772763237137,1.1781180758883047,0.827611288021256,2.8097443811193847,2.8097443811193847
255,8.42,1,0,17.05073932005589,18.28204090373118,7.3074844007633715,1.941936968448145,10.899398107753473,2.9437552621948733,1.9953044550497807,0.76233420096605,2.101918643983447,0.3446007168306111
256,21.43,1,0,20.728748889021258,13.545369675966766,31.84359868266305,2.6682368008728115,11.541610208943984,9.19862928008842,0.34293432279287517,3.1118754133761355,3.104302987774493,3.104302987774493
257,16.12,1,1,8.320654578703529,3.419074495239905,5.415278371284349,0.704368820811061,2.1665748192481145,10.370756830747698,0.7818335110737825,0.36919150643803017,3.0661327809760075,3.0661327809760075
258,14.75,1,1,10.342041692054812,9.419738060715913,0.9223204827498948,0.006333982197168332,6.031162592485793,2.5723569875310837,0.9758157246990296,2.9790826708587934,2.3955279817891655,2.922883828003311
259,22.66,1,0,15.860209984517853,6.009411001886944,10.760112724325898,0.6910599732985019,9.12722868101813,6.874679966616625,1.0516356950180061,3.026116578104775,2.9880173638608376,2.9880173638608376
260,10.4,1,1,10.17117313364098,23.38456986241141,19.2127763006209,2.7003868903697796,1.9919515876145177,9.610384629331962,1.3902797146898973,1.9516225108780942,2.9479635608660697,0.9475951536342457
261,5.28,1,1,5.4503853550460075,3.9594546298448727,2.406496906812889,1.123758856538003,1.124721649120351,0.6337724777867828,0.4721461181487945,2.7083794869114644,1.4452972176469243,3.035403836057572
262,3.83,0,0,31.646890489375096,7.63163846408489,25.566041930654812,0.7343007592622348,2.7092471335778856,29.117657811508465,0.9313511675055564,2.7906666532680062,3.1096014111582813,3.1096014111582813
263,18.0,1,1,20.032006277257903,11.021866966049805,30.095254607210087,2.803814748560773,10.051747111845781,0.5178197876674858,0.07128682325849263,1.5915256833595222,3.0034868070432132,3.0034868070432132
264,13.26,1,1,19.202631068749405,15.91024292174384,25.688941306721848,2.299474219015152,9.003362590054897,0.9680993505317553,0.0402331291755807,1.1589879258673066,0.04157085690053517,0.04157085690053517
265,11.9,1,1,7.413955519808574,12.437979018996618,6.842220419958714,2.6080811333909826,6.9229410137744205,2.799481842913078,0.6818863712484963,2.972748402022259,0.24605112075679003,0.24605112075679003
266,11.66,1,1,13.795414705767277,6.756553112482725,7.1897752532676575,0.2946340234973712,1.2903371700838493,12.550924225952448,0.3251338944616759,2.886871138570111,3.115684579838886,3.115684579838886
267,9.98,1,1,13.116138450325233,11.978044802692134,2.0638253542875176,1.0569893524565535,4.170858106493196,1.6475017055529864,0.6331379888410754,2.9892031108167934,1.5977710285570377,3.0713100029592715
268,9.74,0,0,27.191418643803786,2.3219674551121514,25.566041930654812,0.8273348281998789,1.2421959053627571,26.86313747353425,1.1554897101869177,1.1949553292452921,3.0149578890968733,3.099823128200702
269,22.23,1,0,16.723000189693835,3.0383993354560883,17.78691142162686,2.009862203334346,8.622693488104515,6.33372700532633,0.22598565552424535,1.997243627136246,3.1059053511429093,3.1059053511429093
270,20.55,1,0,6.457904768955634,35.97917314519609,37.22782840231887,2.9682512611912797,3.957101766950146,2.59474534960562,0.4730890724320993,3.0046208135810963,2.93182201016948,0.057062960912429725
271,20.39,1,0,6.183457447092198,39.378238926525135,38.307356891000715,2.984630308503115,4.237576159044222,1.9539585716437278,0.14690407781931902,3.106918700096581,3.0663388442670865,3.0663388442670865
272,16.79,1,1,13.650441728156636,29.069852174864945,27.921379439220054,2.659502701920564,1.8046654950987415,13.850917719360691,0.2504081506204637,2.2898902551939755,2.889683075690404,3.0870554451851504
273,15.11,1,1,16.805621526730274,24.5724907337494,8.765308346253434,2.750282526446179,10.62028566928875,6.2515178136913265,2.1736040436171353,2.4048125380257366,2.0012339816610694,0.4424941139954932
274,14.79,1,1,16.350820963073993,5.589315952708356,15.29996952896639,1.5589864659469181,3.855729978642172,9.866574741266598,1.585749483836655,0.6081046326680337,2.980173218721648,2.980173218721648
275,13.03,1,1,22.17786724379511,22.08300081614136,24.0887834688201,2.142978543092846,6.543530362953929,21.742411800653585,0.20381272351445906,1.9018356040644397,2.1612819170135986,3.116599992763036
276,10.15,1,1,14.651418496135447,22.829135035795822,12.87770291280631,2.5036728649585998,5.794112567667288,2.551252744065152,0.3936339462776953,2.288176358194523,2.832472047388534,3.067452114279202
277,8.47,1,1,3.6476996381966655,2.8740471072165805,2.244217524973911,1.5700944976668794,2.6531235802728856,2.028695038417559,1.4457953196242985,2.5652741299195694,2.3482919601298615,2.3482919601298615
278,19.71,1,1,14.194976873616252,17.047101600756072,7.343926494185518,2.1788581223366603,7.506355939928516,3.7483746366125135,0.7602818629848878,2.7839892069533643,2.3095801020999405,3.1114787502176355
279,19.64,0,0,85.36572335995812,77.436399346618,25.566041930654812,1.409140831414395,3.280149562016945,88.64288705021119,0.14258655780230028,0.04348323105152341,3.139984102424092,3.139984102424092
280,22.86,1,1,11.081325449011056,11.302547533317437,6.724782887573398,1.9071680168754614,3.5964147368455697,5.711598295092188,0.11557912489737603,2.7216607780550612,2.5226997225463816,0.056438610049294756
281,22.53,1,1,15.752286807257544,8.895518591706727,22.974386100448914,2.6421882479671477,3.5222012253702903,22.1156459594469,0.8683641900741601,2.6678259702029394,3.0350026645640704,3.109212713243242
282,21.59,1,1,10.137706719495288,23.606859561991723,15.0016605728066,2.85582718396242,2.3271582412891494,9.728506526826198,0.33741063612760025,1.861958266597897,2.910396413278212,0.08682347877391679
283,20.41,0,0,0.0,25.566041930654812,25.566041930654812,3.141592653589793,32.975244310391396,32.975244310391396,100000.0,,,
284,22.15,1,0,18.908011385677234,1.6925384013664193,17.245446768176233,0.19746041986945137,14.448848513930097,11.178505225368909,8.519040838700587,2.5110291595908683,2.275055793134956,2.275055793134956
285,21.92,1,0,18.790277650798565,18.96794336083119,33.620142629278064,2.671432174878962,12.28618206514131,11.28536410021848,6.2414499417956115,2.524880963979587,2.4604952458102076,0.3899652888556694
286,19.2,1,1,37.2396200220585,37.22998822630623,10.839829614131398,1.715996608843177,11.180905990576077,4.472560846271407,1.7960153191569217,2.676407691682713,2.127986397512206,3.001539039060252
287,16.94,1,1,14.409461514674998,16.126708401856224,25.471830102644766,2.5935933349022737,10.188708830190409,4.181861172181585,0.4301027065576482,1.2214277451494884,3.038560870613941,3.038560870613941
288,16.24,1,1,13.485569622025606,26.088471153229737,20.90881883344442,2.6019530676897134,4.361270621642275,13.01134905338028,0.262778099414659,1.8426568143939492,2.8128225887818576,3.089431752925287
289,14.14,1,1,29.533326625058677,5.529736364384832,30.39095223601262,1.817162772295513,4.559176933449722,1.5707763050479226,1.1357557469445225,1.2328002926266564,1.533118521647705,3.086714436841778
290,14.06,1,1,29.43921160346011,30.346882332511527,4.776576439941059,1.839916293813772,5.54510212575025,0.793083548246977,0.29451228453349315,2.6172039063242014,2.7611291231862882,2.7611291231862882
291,19.84,1,1,16.513237966340824,36.490768443574886,38.15177369160182,2.6976286462673027,4.946655521511478,10.677587745741075,0.2183515641480859,1.3922194329434514,2.2953891399611197,3.112931154128835
292,18.72,1,1,22.757419388254462,31.75843483623367,28.547712095104927,2.3746954194517627,5.965786163717237,19.914810847017854,1.3862890723577665,2.1868268548972556,2.894589949939487,2.990076805822707
293,16.08,1,1,16.287903300133507,30.238260001412122,27.047857707265845,2.5755643528518983,6.962668320672762,5.809987540434146,0.69069920699416,1.9976204388646148,3.0224294792837383,3.0224294792837383
294,15.04,1,1,19.222990711385158,25.371224732062114,23.688086509104117,2.339120194116869,4.146848612006479,18.80627609126538,1.6695835287477678,1.7795716382708686,2.9241683200463364,2.9197442757026235
295,11.92,1,1,14.433021592473281,26.159906853375837,14.706165988050731,2.690024836209582,5.512495324197564,11.03657028485299,1.8138562892507857,2.3958862120645343,2.79585632047056,1.054296248335624
296,10.0,1,1,15.91220890980256,13.3368463061175,4.262522960618519,1.0440544068199127,2.8652962741922496,9.40046136958181,0.673926101497666,2.904165295434388,2.4489562775394256,3.0902999093657164
297,20.71,0,0,0.0,25.566041930654812,25.566041930654812,3.141592653589793,22.09144829356826,22.09144829356826,100000.0,,,
298,21.21,1,1,42.014307496186355,54.11801221384615,22.53770794050939,2.3256938056844456,12.446492753454688,7.606671247267102,0.16250200759633732,2.3897386607591997,2.906955986306101,3.132842196388243
299,17.97,1,1,19.208703888781777,28.417293574849808,32.18988540205915,2.5083263751590406,10.939148707938843,6.95341622523059,1.7517125137241174,2.3155309911839783,2.886927748035617,2.886927748035617
300,17.28,1,1,19.856358922320076,29.380881599402365,27.87516379856628,2.4351534134649278,7.826491672141485,16.022584453804576,0.8509607836715004,2.26481962249829,2.7566848920177076,3.039265775102182
301,11.27,1,1,22.800507393393683,17.855861728390487,31.428797634386214,2.3475351432456266,4.002736023596856,11.984694968375294,0.706750818583495,1.321667011785422,2.5763064308052246,3.0138642056453357
302,7.64,1,1,15.449741638331693,30.30371452685298,35.130339545529594,2.6878985714038977,5.484592346136581,4.8649567720587195,0.06280622288159192,1.5337360693844153,3.1286823708129767,3.1286823708129767
303,4.01,1,1,11.723564708163641,34.653604767022436,24.3228000970797,2.950402227609056,5.880806799929751,3.3381722431594185,1.2469229204766075,2.9279382414397634,2.2808009856481455,2.935904694679769
304,21.35,1,1,19.647586335295745,57.08286958295721,40.694894682660134,2.916249184122248,8.409860393347799,6.439763441431676,1.5220463615970132,2.42744334413743,2.9029836342664743,2.9029836342664743
305,18.35,1,1,9.950455243882054,11.669140145653412,1.7401789363740827,2.9964062618640845,1.8549006292790984,8.729386975498333,1.1834297204783903,2.3618702749035614,2.991633897491085,2.6802045396722995
306,23.17,1,0,9.373437476000998,16.506658533128384,21.862558246682845,2.733832848306637,8.796467970435634,14.68300549659367,5.164217596472588,1.2605073207596638,2.5344995926589244,0.5339003643692559
307,21.86,1,1,16.929623831101505,33.87361554891359,17.921495769365908,2.910980823534443,11.755780076392208,5.931035383548139,2.4035663019248923,2.9356824126758645,2.72433775694781,2.72433775694781
308,20.78,1,1,7.99727823181112,6.025870915909175,12.238245865425329,2.546397883087286,4.122388598882933,3.7083039627570953,3.068602759696973,1.3055395737630995,2.16696133707245,2.16696133707245
309,17.29,1,1,9.576152678737946,34.95163734176841,31.848781179567926,2.869216834221426,5.457569757914234,4.152756271201087,0.40109015831881195,3.0680338877195608,3.044857772373687,3.044857772373687
310,15.78,1,1,21.845135338644617,32.02787991083394,32.795504098130586,2.45453851478477,9.043325129801538,7.925274058214012,0.23308913982750004,2.0634359745825863,3.1121775501070155,3.1121775501070155
311,9.83,1,1,8.525996793249455,8.284105524436539,2.2699352860599338,1.5996869408202847,5.634685855396019,1.967354925604426,1.0638615819421442,2.1943343600259344,2.5702554933449524,2.5702554933449524
312,17.06,1,1,16.916823071262524,27.19171251922541,23.12357918455099,2.4744452064453606,8.207038428135938,5.43460239786684,0.938494767931343,2.410891385762376,2.968033859610755,2.968033859610755
313,15.91,1,1,16.01263916137811,10.826511700843445,18.868429007047723,2.1302351168005345,2.9876740152165207,19.5876647930579,0.4755409822114953,0.15984747371524252,2.6595510836648777,3.116519576658295
314,14.0,1,1,23.877943641151344,19.931717986290092,4.170406012008901,0.3616908551335437,5.869119309581293,5.684219863323373,0.6522615368837102,1.5174873456893665,3.0265897967810793,3.0265897967810793
315,17.77,1,1,15.951759902186351,20.379225278692527,5.109788495241268,2.685347944240441,1.4492314697452569,1.2364284087645396,0.6533492129336451,2.6714181655633245,2.5848583022731275,2.5848583022731275
316,21.71,1,1,9.80433796247865,25.18455867833503,21.91440506901796,2.745572055675801,4.922603845872624,4.01613744767283,0.6801332404104775,1.9066385398537666,2.823222044920544,0.060944092044783675
317,20.19,1,1,6.6541014263460125,23.346221455755966,23.977360402598535,2.8606958655678176,4.022654466257324,3.379805864986932,1.6140920147046964,2.728711020729316,2.6437064408900945,2.6437064408900945
318,18.83,1,1,2.3656387145969617,24.522807400411978,26.372122320376494,3.0835749214064716,1.7838139966375337,1.030982759215689,0.7230467113366367,2.7242446613009554,2.3643479897827917,2.3643479897827917
319,13.87,1,1,31.135131472156978,22.605198166833222,27.451769607945135,1.8109491397002002,4.4406168244738256,28.905731410811935,0.1340746431674147,2.9402267587765003,2.7464583752134164,3.129217151069602
320,12.67,1,1,28.242416207828253,25.014132508755935,24.42277133908026,1.9256641477100727,6.617246748988591,5.5942446062806335,0.4075242731572675,2.2066301771072445,3.068681009612482,3.068681009612482
321,10.67,1,1,11.081513702328758,16.056314468382837,6.613271272139085,2.5711262836045434,1.7608694517198054,10.398959931921079,1.5679165096505465,2.0433216134484464,2.990239169137868,2.990239169137868
322,20.02,1,1,4.990280648270195,10.577607284012771,8.716527841044279,2.6545801486500653,0.6256702602010107,4.384082055117125,2.847706515289472e-15,2.9074771495419727,3.108479402355402,
323,20.81,1,1,19.86028049304692,46.78330436713508,32.53894721354857,2.784999030803168,11.849720528493489,8.036876358517652,0.5018569543964637,3.0992281858005937,3.0791077212501823,3.0791077212501823
324,19.85,1,1,6.133903968762473,32.88765917212261,38.003497151432,3.0458298305051477,3.585949169801492,2.632791273762505,0.5056308620080241,3.0001178317825477,2.9483407716516563,2.9483407716516563
325,19.21,1,1,4.044830585426295,32.9623813145243,33.662134373038505,3.0219237795303346,2.809984685082818,1.321530585344136,0.39140322269722133,3.001848100732625,2.8409080450981357,2.8409080450981357
326,14.41,1,1,15.344181247951942,14.883378406883978,25.52414169697583,2.5664933300157373,2.2464486855924375,11.851639938000138,0.07923051557815716,0.035276546194804026,2.7864034281080476,3.1370881943636126
327,12.9,1,1,16.000224337489776,24.779976909484805,8.799705588086455,3.087490404452265,2.0984621731163027,13.989482906083415,0.5612809882519967,2.8708236190908725,3.10146024213176,3.10146024213176
328,14.33,1,1,12.550928676795195,20.659247375267572,27.37202915774605,2.691851036312326,4.831587899986918,2.8900754736857657,0.9735696876830697,1.197920235073842,2.798005731574347,2.798005731574347
329,8.69,1,1,21.500720499876277,27.225896590804865,30.28887599329166,2.3824065005043136,2.9928328924448824,4.758198031292937,2.0461213786930084,1.4725029445322846,2.4924147462875994,2.585109208796081
330,21.7,1,0,26.476450022004464,17.379825573578117,31.093189098973106,2.1239772577771525,7.163103166149428,6.159270839320191,1.0389505281764806,1.7399533089860237,2.972101549817608,2.972101549817608
331,17.62,1,0,16.73987574047669,27.235528696913526,17.130250467550088,2.5134564664517285,7.803253090891005,5.930701861643359,1.5508659546035966,2.7552858652601655,2.831703928859295,1.194008580649605
332,14.12,1,1,4.119296163666788,15.999821343818198,20.11854869515443,3.1377772508491164,6.121122440247374,4.264252240862405,0.04390668206758651,2.372991329562223,1.504833408542002,0.014338763941292552
333,13.08,1,1,12.95530723673121,18.840499563772195,16.280723630465573,2.399552638166871,2.503519009174887,3.2479071821713124,0.2424133614906194,0.7830956489052651,3.0668863948735923,3.0668863948735923
334,13.0,1,1,5.499462297006856,15.70016709749613,10.602969809430762,2.981401261308185,2.8375551217201087,5.655264717782893,2.35142957169434,1.7745019622413312,2.627918944774259,2.3467601094351807
335,10.72,0,0,0.0,25.566041930654812,25.566041930654812,3.141592653589793,70.59654736402483,70.59654736402483,100000.0,,,
336,23.24,1,0,9.907914298080096,7.787285615578767,4.968452495465766,1.4041016972972789,6.196289155204112,4.22028865375343,0.656132369449337,2.884527155898379,2.759046148303956,0.020396022737036605
337,16.58,1,1,13.021799947799076,28.233449155186477,19.001684027817113,2.742448156986049,6.9174651703134735,6.322838832881953,2.233491016302674,2.3934148363407797,2.6741454930528903,0.11588885163964416
338,14.63,1,1,18.55611435199999,24.10876188751716,21.686163534385237,2.313547142289688,6.604839360953452,6.379317552371882,0.27949859217380235,2.2314575564271055,3.097765380822724,3.097765380822724
339,12.82,1,1,16.894606873401937,20.528607368163094,4.771747190725846,2.5155987857650937,6.827661253496689,5.032465542157242,0.36705500526105117,2.899910534048913,1.9867577056771604,0.48408334127483377
340,11.63,0,0,0.0,25.566041930654812,25.566041930654812,3.141592653589793,9.556812598628268,9.556812598628268,100000.0,,,
341,22.43,1,0,20.126907608597005,6.644781415103133,13.954330684647687,0.4594441313583745,10.942771783222932,9.39471839861632,1.4552222690379668,3.0082127336307,2.98606853572188,2.98606853572188
342,19.98,1,1,24.832277307504437,39.6815258503362,23.86441829352855,2.5090212896791235,6.794502115188426,4.649184480594422,1.153255933419581,1.7964686956840026,2.890920116494371,2.890920116494371
343,18.37,1,1,14.408788732010047,23.553259299642587,26.853706601191952,2.5764048621487743,4.122862452338183,15.356677426845946,0.11553093048008597,1.4762504467396993,2.8710290699904695,3.1212925688106203
344,14.6,1,1,19.68996662037039,23.716611511565063,24.670865874391197,2.3043008356857055,7.912550146501444,3.259697916126584,0.031701956302664855,1.8112630154126994,3.131867072603759,3.131867072603759
345,13.41,1,1,11.45213461762042,23.42906272710243,12.755167671935954,2.90097023926526,5.058448753768299,4.669423847810344,1.883209992774389,2.6235145781707634,2.639276055411077,0.5783284025396667
346,11.8,1,1,19.00844514632641,12.779776742494372,24.26706149232948,2.2526218796261737,3.3267977358414833,4.794344539569509,2.2767448867096975,1.5864341982447174,1.8043010418730523,2.949280034979275
347,10.82,1,1,18.155536311995853,23.901051150227683,24.07557896800823,2.365437595179062,1.3193228193660513,17.38744653068127,0.6123244507767491,1.9556242899385055,2.8761949072645114,3.0676991558144553
348,21.62,1,0,10.148407058356495,5.803382713702409,4.7779123104761965,0.576849865487816,5.714159665471376,4.655579000747382,1.0597053881519727,2.955060288936591,2.911959280282315,2.911959280282315
349,11.56,1,1,12.294264871044549,25.74562973034647,17.238249424941614,2.717112913578213,8.260786237889226,4.353754619004155,1.3390300562396658,2.978779548034561,2.8289675685937343,2.8289675685937343
350,8.65,1,1,32.29130160410385,13.630955317731766,32.665642139354915,1.808991135280068,3.413128644000985,8.749750066470465,0.24645273831849696,3.0693224783164874,2.820365208918759,3.1330612707622727
351,5.5,1,1,7.67945815435568,11.045060558865217,13.568202290447323,2.5400765787499564,1.608608723089618,8.930655307002953,1.0882241897834992,0.7429999482588586,3.0194364050289595,3.0194364050289595
352,5.27,1,1,21.28128952343349,13.272885983240421,22.108184822153536,1.9404739787800072,5.552592200918413,23.734173197585793,1.8319930775515292,0.5672665064435259,2.8329527499742104,2.9488357353547663
353,3.66,1,1,11.118347235075003,18.41921497491139,7.375894562973364,3.030907772278658,8.86021368131717,1.0947943047440458,0.12855140665971176,3.028331399120906,2.120553915901355,0.04615701862846234
354,18.18,1,1,14.989429904372612,30.447845927961808,18.434806962075854,2.76089968215775,2.6690475198842027,12.410764671691265,0.6264623144046855,2.9046685098309433,3.091093859188779,3.091093859188779
355,12.58,1,1,13.788202592292444,24.128259621566162,36.86590441462138,2.9643624625997855,2.96854750088321,2.3969193814144027,0.6849656407775366,0.6333470732415013,2.799376966512979,3.031662739948108
356,6.1,1,1,24.16719549434109,27.764801960716383,3.6513518368543987,2.981435186227919,3.927157295716591,2.9533988334290493,0.29185359791340054,2.481231976412925,3.0426115404225365,3.0426115404225365
357,5.14,0,0,89.99964512940093,80.56420119021911,25.566041930654812,1.336658376542517,2.4970818272535746,73.50711793787389,1.5222540030087783,2.2647360899452194,2.9943273041899054,3.1240737848296485
358,23.33,1,0,14.164789744729712,36.71637979747186,40.98374178144548,2.7916216448174733,5.685267759085759,6.2645436269851285,2.350810077656782,1.7535688630799975,2.2482570939685385,2.799802104077727
359,22.8,1,1,19.08403752046458,31.849451258684198,37.66443649911943,2.6105749148642614,3.99621125510151,3.7120850029329824,0.9799035930654959,0.4840651774749591,2.8744499172741027,2.8744499172741027
360,22.13,1,1,14.445232173270877,25.72462896700553,16.28651172694755,2.6007653378790536,6.583330487017946,4.593828227633248,2.369779488241237,2.5100623087002867,2.599579579202262,2.599579579202262
361,21.12,0,0,0.0,25.566041930654812,25.566041930654812,3.141592653589793,29.058218439135253,29.058218439135253,100000.0,,,
362,23.23,1,0,10.094922504665401,3.8677651947862675,13.564034377381978,2.751319315978588,5.16825129654122,4.943750973441117,0.29366598464025945,3.0847408827310354,3.0821562129845206,3.0821562129845206
363,15.47,1,1,11.376059672509637,27.727527982916182,18.7683136396241,2.8330571076116815,5.40470985908587,3.7956555989710132,1.9277882137868543,2.709613989104281,2.608855193846136,2.608855193846136
364,13.31,1,1,16.341823091641274,23.856501815909642,33.77250698448369,2.679878622061086,3.6174006174185354,5.957084263874402,1.9140449130610742,1.4340358564248163,2.733660113106562,2.591331681674607
365,9.55,1,1,17.31934154155406,27.718684138625704,27.228074780235563,2.500493245942321,5.7189994236929245,17.06111794960694,0.9979759510389038,1.7822891541320611,2.8076845851589174,2.9925026108878128
366,8.27,1,1,17.60156901558779,28.262218441233514,32.720331122782056,2.5740656566032083,6.882350814147733,6.421993084744017,1.2888771535315398,1.6527580067100114,2.9395229257829887,2.9395229257829887
367,6.6,1,1,15.147577095364129,27.89007663783662,14.052201007116288,2.829094294964726,3.616868533040704,11.589805174000983,0.5693989911851735,2.983506289872308,3.0924435703772137,3.0924435703772137
368,5.16,1,1,18.981458139260535,13.046949619313322,13.05733935755673,1.5133012662871792,2.22989112965185,17.04529573118636,0.018645362722051074,2.652441403549221,3.080083884126291,3.138956154312695
369,22.81,1,0,14.698382752796306,5.422977767758226,12.186624976756278,1.2782369729399656,9.180863517954071,5.557893494499511,0.5282740417834628,3.084020074496629,3.046399622049572,3.046399622049572
370,17.38,1,1,22.54785429775747,21.309729826924137,26.697033901649075,2.1879063663862457,2.135685706488666,5.074656842437722,1.3223362662967506,0.6676755922760694,2.1340708117501035,3.087061007640684
371,16.51,1,1,11.809150370251023,26.938435716949115,21.16535081830207,2.70673979936938,3.2855814010004374,8.548886538877442,0.346298164167857,3.0359971680752382,3.101073582575678,3.101073582575678
372,14.11,1,1,11.38885239411329,25.62913925425511,26.54620272197325,2.702872321925797,4.08876187973817,11.208446787744501,1.874584747725344,1.7959744997588372,2.7780543923354504,1.3464713438302385
373,10.03,1,1,15.194555853900436,23.185866848341036,11.335460390901641,2.5462210314807274,2.105364714247866,13.55505568407965,0.5435237102689011,2.5081471885654456,3.0495250911665335,0.5435558336987896
374,8.43,1,1,25.0968876172684,7.215783125434134,22.1871324458953,1.300435627710744,2.6149965297491304,24.40128678542998,0.29890997347568904,1.8906378735598721,3.0396849334590126,3.127659738055766
375,7.15,1,1,15.81625057784872,21.410248736962398,10.232415022823304,2.366327302630583,0.16738427315611132,15.80835535025703,0.1671538946216933,1.6232684336352756,3.1310186877447097,3.1310186877447097
376,18.48,1,1,20.600956744299523,28.298845242880503,13.353751067479132,2.39498346595737,8.219858889889782,6.232721192906033,0.11577511054965828,2.766593412034263,3.123016213873318,3.123016213873318
377,16.85,1,1,23.659287537273812,1.0790921171058498,22.728062366180712,0.5415498839138468,1.3665610824255112,26.88660196063831,0.09374200082762217,2.491465561558058,2.5462145839919357,3.130792516786347
378,13.98,1,1,26.931405857461282,6.2015816066951865,29.534153795634644,2.1015552478742685,5.031199024586485,31.30816733428036,0.44628531947841704,0.5600954453185698,3.0561143812704783,3.0979905897757845
379,13.12,1,1,18.30050949138029,27.052829169024083,26.654886672332715,2.4463307355768187,12.264633523240716,5.533702395611823,1.0016384152710913,2.773935611724286,2.9595824688953254,2.9595824688953254
380,11.96,1,1,18.525149011592323,27.11098885078522,11.099771493346166,2.597779035959295,2.445524191763401,16.158372625589493,0.5748371405615347,2.9043156276718265,3.106009957564073,3.106009957564073
381,21.95,1,0,6.8480855467568436,8.187914583237903,7.157855420480357,2.225553928004406,3.4363214499810737,3.4331353920432504,0.2707219908311046,3.0627284299105493,3.0626550890987168,3.0626550890987168
382,21.09,1,0,4.0567217896350725,8.382293215224577,7.034987610117016,2.6379964030893386,2.235961043332381,2.122938355440389,0.7970317389181297,2.7771158916955083,2.756723350267376,2.756723350267376
383,11.31,1,1,14.619979731983214,29.836756943469915,24.08453821828644,2.634790102312759,7.301321663219611,4.955955624145559,2.306202741310258,2.5944812070544776,2.6575743335211865,2.6575743335211865
384,2.89,1,1,13.08500953045889,25.528756636234757,13.991759497307692,2.8134610564797313,4.34461712927618,9.047949531921583,0.628695792880442,2.8301164530227605,2.993899264989363,0.4253766988101895
385,1.96,1,1,14.023587548872793,15.037294597622939,26.549669738156823,2.7380831583266194,2.3936826311355492,10.373657450508958,0.15341732366999794,1.0031065084030044,2.9974043798295495,3.1112684359277774
386,0.0,0,0,33.35935085479333,29.22456308404285,25.566041930654812,1.838208048731967,14.89737520975088,46.844710677336884,8.531810313374375,2.5317901064625903,2.934443932738141,2.758114535250912
387,13.68,1,1,12.250811833507194,27.609850167912896,20.340687506753547,2.7224174714124008,5.32217136353199,5.168131667846707,1.893823588910515,2.4976762190825217,2.7664098782772957,2.7664098782772957
388,12.24,1,1,16.426037657198407,22.83054695573017,22.694543729198436,2.4033371129215064,3.852050202917923,10.792055532714798,0.7192672539699457,2.159556912469526,2.3935557464063804,3.0246501279919156
389,8.08,1,1,18.936018571119963,22.43214084765429,9.140286312824125,2.1608687837511416,4.311159768322209,15.055653158365468,1.6724373382005477,2.7432057050061864,3.030279242528226,3.030279242528226
390,20.27,1,1,10.75763547068314,33.78474484644957,37.50370368181789,2.857049985424084,2.336848584846701,11.515714927298268,1.7711946082041776,1.3415751517276044,2.9426641335329213,2.7191988281742843
391,17.63,1,1,15.390928494528854,23.58430986221561,20.28910744248992,2.44001408821913,8.822003016242963,5.894346421597565,0.5008162656229675,2.106003300933352,3.056524560712748,3.056524560712748
392,15.87,1,1,7.070034821873226,18.35235703735627,25.136664969444542,3.0489258531532175,3.9228218866652633,3.347416761175695,0.8443874936839704,2.9246448084877805,2.886587409996213,2.886587409996213
393,13.23,1,1,21.785969007101794,24.14987736141118,18.289387606259538,2.0962304802599574,7.324497898149735,24.104445544309872,2.1875608259180184,2.298976910594101,2.1894400135065117,2.8493354201778005
394,11.2,1,1,22.491092040496834,26.568197509994917,21.52125338636671,2.189437413517958,8.416373417119745,18.032437191253432,1.5301958338808996,2.297425779036456,2.7852529256127245,0.4360257114606862
395,11.13,1,1,2.4695509528859643,21.69232975163803,24.098026142248663,3.117188641255885,2.6079896624219963,4.030087079952487,0.33528814816817126,1.3083998134516666,2.466487618461579,3.1272668905210304
396,9.22,1,1,27.682411817536778,26.550656837059606,1.2063296088548925,0.3612419238281039,5.914534346810413,1.6106038890118244,0.7566745264995415,0.12828634593707902,2.4344866645088934,3.1190417266359156
397,8.86,1,1,9.234606431164242,3.2237306897599227,7.337075890789199,1.1095776813444835,4.216811582700844,5.0128066127071,2.7177276489774616,2.1641238541442362,2.568590783255036,2.568590783255036
398,8.78,1,1,11.364493238191482,6.853195309671257,17.18542458793498,2.7019816765503593,4.34064205050359,14.393253028363668,1.7895248279663654,0.9275762581316029,2.8978764528917127,3.056993721468465
399,7.24,1,1,15.871387645546312,24.242478641096092,9.296516554408965,2.78396040892569,4.811808189994696,11.553455083450146,0.9056922003183328,2.7568157065867327,2.9846212295252488,2.986367828853855
400,23.52,1,0,14.678711336834038,17.804341190813545,31.34349521427692,2.9009670967691235,10.171404790853623,9.223348648235087,6.324981585101774,2.4705032314556425,2.385948539412668,2.385948539412668
401,22.75,1,1,23.94576033417189,42.08223814473751,26.454242175000974,2.590897091467116,12.66610158693274,11.279904556852417,0.054159039199490375,3.1373167361842826,3.136791261253694,3.136791261253694
402,21.65,1,1,18.665238954591505,21.278580642105805,29.251746823548853,2.4515289338761073,9.048849360139668,5.490326986737677,0.6511853621145356,2.3725445689689084,3.0227068651555937,3.0227068651555937
403,19.3,1,1,26.271200317041092,26.714170098062194,4.641779160892947,1.7533266277018615,11.29734352980823,3.2799323764370563,1.1188349969389801,3.0208170126722664,0.9074610556892851,2.357413891803767
404,22.67,1,0,8.087632506889763,1.5913465724662246,7.048858902744469,0.9422341978491962,2.1462574968069417,10.271208994086335,0.4657791676229954,2.059587431748914,2.9408593287403275,2.993283521071504
405,18.79,1,0,18.08595918288549,25.289893120250625,25.300311070208217,2.4104151898299366,5.524143086941176,5.3411161064331845,2.592653918403838,2.3810565345870938,2.6347557214771373,2.6347557214771373
406,18.32,1,0,18.18359111467534,32.52407582345423,45.06002198328914,2.795805644654777,10.03674021150792,8.163032971402234,0.38161060968313887,3.1035621172023644,3.0948269789454557,3.0948269789454557
407,11.66,1,1,4.123983378264272,39.1369493144177,40.02202552976673,3.039775267973748,2.767312463817557,1.5887350314637154,0.6721577643619733,2.8962467404245182,2.7047537624761566,2.7047537624761566
408,11.51,1,1,3.547397200948887,40.787961731213045,38.70373666457025,3.0693295652319668,2.255262637321868,2.0254957486008207,1.195489568708458,2.58288731336975,2.510260409402906,2.510260409402906
409,11.27,1,1,3.837835375533974,38.02179747787445,41.64781490750745,3.109994002402583,3.064088342655936,0.842280041613239,0.29700913537528145,3.044507912664042,2.7812176628811005,2.7812176628811005
410,7.39,1,1,24.26807201737501,36.27332203571793,13.421465451432642,2.7692133844177635,9.533320833607773,8.840659542602012,0.4804495026779296,2.5883306578746503,3.0872204304985154,3.0872204304985154
411,5.01,1,1,10.603501710519973,8.146354956721442,12.923684622154008,2.1826890690163103,2.136498807418344,10.561310360087898,0.21378099140126267,1.6915430925736543,2.9393957677002165,3.1272840421271435
412,20.41,1,0,15.62370432524246,47.2074449560967,40.59070101020799,2.8168401641749643,5.343222707692429,15.625078145244588,0.43067774328836356,1.7423771583165855,2.7979243347054474,3.081781078621327
413,19.3,1,1,25.003055743508632,31.51871703328834,27.056740533451183,2.272003760440282,10.204974202671952,10.049554303097228,1.3906357422223095,2.0502885813580414,3.0027693321080635,3.0027693321080635
414,12.74,1,1,26.95710002987896,22.854838768560594,28.382027602868693,2.0526363827179295,2.9433349477930717,9.393961150787245,0.9759564307673783,2.8036128700353196,2.3107026476756896,3.101252881500543
415,11.46,1,1,29.380658950243106,28.318584501385313,25.992318726716167,2.0012680586318763,3.810077906775661,3.559613465602698,0.15639704777493166,2.0132920007129735,3.097641979824793,3.097641979824793
416,11.14,1,1,29.200035313822827,26.202312853307433,27.282712035076358,1.9871790817676762,8.438422281943469,0.876773268867156,0.5671854142470856,2.512314560344845,2.438079260115847,2.438079260115847
417,11.06,1,1,29.331014994541192,27.06172689854253,26.205814809413962,1.9757327775909352,2.8630500326749417,1.3173994876270454,0.23130228971834105,2.3488542586228505,2.9651029394839785,2.9651029394839785
418,7.34,0,0,0.0,25.566041930654812,25.566041930654812,3.141592653589793,58.03678798210407,58.03678798210407,100000.0,,,
419,21.0,0,0,23.54599220329863,5.032202285063668,25.566041930654812,2.0759951718270644,6.900718504576172,17.979746908035164,3.5820012180070417,1.314866868340823,2.9410264367217374,2.9410264367217374
420,18.51,1,1,5.899920347538597,36.666738268681605,39.55478349740396,3.0063985343937785,3.3359021219753995,2.5644506831873364,0.03541140028903213,3.1309772146249957,3.1277836433513677,3.1277836433513677
421,13.87,1,1,18.407264417248417,30.55438159228395,18.125824848833776,2.556314616304088,5.5301074376633945,15.583201784960615,0.18591485261618984,2.2417229443325053,2.8599277458186565,1.6136635528336802
422,8.0,0,0,90.91871846252839,82.27410037714482,25.566041930654812,1.3689060836376705,1.553849310390167,81.53043390126965,0.1975209573483121,0.9608216811286835,3.097248158508681,3.139327906449194
