,quarter,universe_time,quarter_time,shot_clock,positions,game_time
0,1,1451082035065,720.0,24.0,"[[-1, -1, 46.25174, 27.56612, 3.4819], [1610612744, 101106, 50.28268, 26.11096, 0.0], [1610612744, 201575, 50.28268, 26.11096, 0.0], [1610612744, 201939, 77.69071, 24.66218, 0.0], [1610612744, 202691, 49.74069, 32.55629, 0.0], [1610612744, 203110, 58.22998, 24.8341, 0.0], [1610612739, 2544, 43.90252, 15.81125, 0.0], [1610612739, 2747, 45.66055, 32.43427, 0.0], [1610612739, 201567, 36.68877, 24.80455, 0.0], [1610612739, 202681, 45.66055, 32.43427, 0.0], [1610612739, 202389, 44.76942, 25.42155, 0.0]]",0.0
555,1,1451082058825,704.0,9.0,"[[-1, -1, 86.93701, 21.92856, 0.33595], [1610612744, 101106, 62.93171, 23.50852, 0.0], [1610612744, 201575, 67.58298, 19.28379, 0.0], [1610612744, 201939, 76.79203, 20.96192, 0.0], [1610612744, 202691, 78.95507, 25.7544, 0.0], [1610612744, 203110, 92.59705, 28.36765, 0.0], [1610612739, 2544, 70.19213, 7.52142, 0.0], [1610612739, 2747, 48.06565, 20.64382, 0.0], [1610612739, 201567, 51.16696, 32.23171, 0.0], [1610612739, 202681, 79.07831, 38.5553, 0.0], [1610612739, 202389, 84.86267, 23.30579, 0.0]]",16.0
556,1,1451082058864,704.0,24.0,"[[-1, -1, 86.89658, 21.98541, 0.32668], [1610612744, 101106, 62.57008, 23.48146, 0.0], [1610612744, 201575, 67.18559, 19.21096, 0.0], [1610612744, 201939, 76.87896, 20.91203, 0.0], [1610612744, 202691, 78.7436, 25.74701, 0.0], [1610612744, 203110, 92.74886, 28.20334, 0.0], [1610612739, 2544, 69.94966, 7.56646, 0.0], [1610612739, 2747, 47.89172, 20.63386, 0.0], [1610612739, 201567, 51.00307, 32.16613, 0.0], [1610612739, 202681, 78.89765, 38.36817, 0.0], [1610612739, 202389, 84.52578, 23.23769, 0.0]]",16.0
1150,1,1451082082625,685.02,4.56,"[[-1, -1, 4.08757, 47.16531, 4.69653], [1610612744, 101106, 10.22121, 37.06781, 0.0], [1610612744, 201575, 23.08311, 42.0403, 0.0], [1610612744, 201939, 19.41848, 9.12336, 0.0], [1610612744, 202691, 31.80659, 14.19101, 0.0], [1610612744, 203110, 41.47021, 32.03658, 0.0], [1610612739, 2544, 5.46329, 45.90346, 0.0], [1610612739, 2747, 22.65867, 15.91627, 0.0], [1610612739, 201567, 25.25539, 27.70366, 0.0], [1610612739, 202681, 10.65395, 14.22959, 0.0], [1610612739, 202389, 11.45489, 33.25589, 0.0]]",34.98000000000002
1151,1,1451082082664,684.98,24.0,"[[-1, -1, 4.02145, 47.48246, 4.86326], [1610612744, 101106, 10.52311, 37.06637, 0.0], [1610612744, 201575, 23.44556, 41.90215, 0.0], [1610612744, 201939, 19.84342, 9.14198, 0.0], [1610612744, 202691, 32.17852, 14.2781, 0.0], [1610612744, 203110, 41.78951, 31.96679, 0.0], [1610612739, 2544, 5.344, 46.0032, 0.0], [1610612739, 2747, 22.93991, 15.79803, 0.0], [1610612739, 201567, 25.29975, 27.62181, 0.0], [1610612739, 202681, 10.82855, 14.14031, 0.0], [1610612739, 202389, 11.83012, 33.20899, 0.0]]",35.01999999999998
3147,1,1451082162503,605.47,2.97,"[[-1, -1, 89.34697, 22.87435, 9.73356], [1610612744, 101106, 90.07187, 27.31907, 0.0], [1610612744, 201575, 91.48444, 23.93145, 0.0], [1610612744, 201939, 88.05243, 13.97458, 0.0], [1610612744, 202691, 69.88097, 25.30856, 0.0], [1610612744, 203110, 90.50763, 16.35373, 0.0], [1610612739, 2544, 89.64734, 20.69924, 0.0], [1610612739, 2747, 72.81511, 5.04046, 0.0], [1610612739, 201567, 89.60217, 20.95141, 0.0], [1610612739, 202681, 60.02813, 25.25485, 0.0], [1610612739, 202389, 87.48301, 25.92816, 0.0]]",114.52999999999997
3148,1,1451082162543,605.43,24.0,"[[-1, -1, 89.32275, 22.75584, 9.46402], [1610612744, 101106, 89.98615, 27.28526, 0.0], [1610612744, 201575, 91.59644, 23.71381, 0.0], [1610612744, 201939, 87.88702, 13.93967, 0.0], [1610612744, 202691, 69.77081, 25.45686, 0.0], [1610612744, 203110, 90.83702, 16.64169, 0.0], [1610612739, 2544, 89.72922, 20.69311, 0.0], [1610612739, 2747, 72.62707, 5.16792, 0.0], [1610612739, 201567, 89.68406, 20.94527, 0.0], [1610612739, 202681, 59.90562, 25.47344, 0.0], [1610612739, 202389, 87.52011, 25.93498, 0.0]]",114.57000000000005
3680,1,1451082197783,589.15,10.25,"[[-1, -1, 2.54006, 8.77006, 6.36309], [1610612744, 101106, 5.60237, 33.2134, 0.0], [1610612744, 201575, 29.52325, 15.15659, 0.0], [1610612744, 201939, 31.962, 37.88031, 0.0], [1610612744, 202691, 18.23433, 47.56169, 0.0], [1610612744, 203110, 4.73876, 6.66833, 0.0], [1610612739, 2544, 21.97148, 18.22552, 0.0], [1610612739, 2747, 14.20737, 43.58085, 0.0], [1610612739, 201567, 5.14603, 29.56495, 0.0], [1610612739, 202681, 27.08839, 35.52337, 0.0], [1610612739, 202389, 6.16892, 11.77434, 0.0]]",130.85000000000002
3805,1,1451082208303,589.0,24.0,"[[-1, -1, 22.4071, 10.35848, 4.08204], [1610612744, 101106, 77.11799, 25.40534, 0.0], [1610612744, 201575, 76.38038, 6.46796, 0.0], [1610612744, 201939, 63.66005, 32.13145, 0.0], [1610612744, 202691, 52.03422, 21.565, 0.0], [1610612744, 203110, 69.29546, 26.01952, 0.0], [1610612739, 2544, 78.30831, 2.91499, 0.0], [1610612739, 2747, 73.33992, 47.14, 0.0], [1610612739, 201567, 62.95583, 29.29279, 0.0], [1610612739, 202681, 21.96105, 11.06839, 0.0], [1610612739, 202389, 16.01743, 1.34676, 0.0]]",131.0
4129,1,1451082221263,576.05,10.24,"[[-1, -1, 85.23064, 26.17362, 0.36117], [1610612744, 101106, 85.11171, 32.20835, 0.0], [1610612744, 201575, 86.77252, 20.89586, 0.0], [1610612744, 201939, 71.20156, 43.42086, 0.0], [1610612744, 202691, 68.54382, 23.01007, 0.0], [1610612744, 203110, 83.56669, 21.08171, 0.0], [1610612739, 2544, 66.83626, 7.09251, 0.0], [1610612739, 2747, 60.4116, 47.26447, 0.0], [1610612739, 201567, 82.19426, 18.88222, 0.0], [1610612739, 202681, 52.29261, 23.03559, 0.0], [1610612739, 202389, 81.03714, 42.31748, 0.0]]",143.95000000000005
5945,1,1451082296022,507.9,24.0,"[[-1, -1, 89.69014, 28.09537, 4.7798], [1610612744, 101106, 89.23734, 27.34858, 0.0], [1610612744, 201575, 77.2099, 25.9038, 0.0], [1610612744, 201939, 87.42214, 17.41722, 0.0], [1610612744, 202691, 74.95696, 38.764, 0.0], [1610612744, 203110, 73.7279, 14.1833, 0.0], [1610612739, 2544, 63.17337, 15.71472, 0.0], [1610612739, 2747, 74.35411, 5.77668, 0.0], [1610612739, 201567, 61.31333, 10.28448, 0.0], [1610612739, 202681, 59.19094, 37.91175, 0.0], [1610612739, 202389, 85.15217, 29.67285, 0.0]]",212.10000000000002
6497,1,1451082318102,487.02,20.02,"[[-1, -1, 0.97164, 17.4015, 5.36304], [1610612744, 101106, 73.93504, 22.09777, 0.0], [1610612744, 201575, 3.73936, 23.87543, 0.0], [1610612744, 201939, 54.6031, 27.12103, 0.0], [1610612744, 202691, 19.06611, 14.78101, 0.0], [1610612744, 203110, -3.05187, 30.4829, 0.0], [1610612739, 2544, 42.51299, 15.52821, 0.0], [1610612739, 2747, -3.05187, 30.4829, 0.0], [1610612739, 201567, 73.51774, 42.63654, 0.0], [1610612739, 202681, 11.68703, 24.32757, 0.0], [1610612739, 202389, 39.82055, 25.48991, 0.0]]",232.98000000000002
6498,1,1451082340061,487.0,24.0,"[[-1, -1, 18.35336, 25.20804, 3.05978], [1610612744, 101106, 10.5551, 15.23915, 0.0], [1610612744, 201575, 8.30951, 33.99888, 0.0], [1610612744, 201939, 20.8944, 47.75117, 0.0], [1610612744, 202691, 33.80137, 16.69854, 0.0], [1610612744, 203110, 19.86572, 25.06333, 0.0], [1610612739, 2544, 12.57698, 34.39618, 0.0], [1610612739, 2747, 26.21033, 5.0454, 0.0], [1610612739, 201567, 4.62168, 34.161, 0.0], [1610612739, 202681, 26.03946, 10.86859, 0.0], [1610612739, 202389, 6.31059, 16.44416, 0.0]]",233.0
7315,1,1451082383781,465.58,2.6,"[[-1, -1, 83.94107, 21.78931, 14.03086], [1610612744, 101106, 88.91455, 27.54643, 0.0], [1610612744, 201575, 78.43502, 15.2127, 0.0], [1610612744, 201939, 78.52488, 34.54065, 0.0], [1610612744, 202691, 81.75245, 14.12565, 0.0], [1610612744, 203110, 85.56292, 26.03187, 0.0], [1610612739, 2544, 69.86014, 5.68195, 0.0], [1610612739, 2747, 71.73576, 44.38003, 0.0], [1610612739, 201567, 83.59629, 25.70604, 0.0], [1610612739, 202681, 80.28258, 16.08944, 0.0], [1610612739, 202389, 88.83967, 29.49512, 0.0]]",254.42000000000002
7316,1,1451082402940,465.0,24.0,"[[-1, -1, 75.59726, 24.59627, 3.79294], [1610612744, 101106, 89.49848, 35.01812, 0.0], [1610612744, 201575, 82.0937, 33.93513, 0.0], [1610612744, 201939, 53.22323, -2.15775, 0.0], [1610612744, 202691, 65.95546, 37.6137, 0.0], [1610612744, 203110, 88.69975, 16.03588, 0.0], [1610612739, 2544, 39.37679, 16.85843, 0.0], [1610612739, 2747, 59.92398, 35.19747, 0.0], [1610612739, 201567, 83.90416, 9.44306, 0.0], [1610612739, 202681, 74.30238, 24.89747, 0.0], [1610612739, 202389, 84.79412, 34.93704, 0.0]]",255.0
8004,1,1451082437580,449.96,8.1,"[[-1, -1, 2.23996, 26.85834, 4.7938], [1610612744, 101106, 18.11426, 10.76018, 0.0], [1610612744, 201575, 12.75048, 30.91246, 0.0], [1610612744, 201939, 28.1123, 37.75298, 0.0], [1610612744, 202691, 20.43906, 38.28473, 0.0], [1610612744, 203110, 44.64799, 24.92191, 0.0], [1610612739, 2544, 3.19211, 28.536, 0.0], [1610612739, 2747, 14.33486, 25.58888, 0.0], [1610612739, 201567, 48.00165, 19.25005, 0.0], [1610612739, 202681, 13.24058, 38.90926, 0.0], [1610612739, 202389, 13.93473, 13.85389, 0.0]]",270.04
8005,1,1451082437620,449.93,24.0,"[[-1, -1, 2.06479, 26.87725, 4.78651], [1610612744, 101106, 18.51524, 10.70998, 0.0], [1610612744, 201575, 13.08309, 30.82944, 0.0], [1610612744, 201939, 28.5134, 37.54595, 0.0], [1610612744, 202691, 20.80003, 38.16192, 0.0], [1610612744, 203110, 45.14758, 24.82988, 0.0], [1610612739, 2544, 2.90666, 28.5551, 0.0], [1610612739, 2747, 14.56724, 25.46457, 0.0], [1610612739, 201567, 48.34346, 19.34849, 0.0], [1610612739, 202681, 13.28774, 38.9449, 0.0], [1610612739, 202389, 14.1809, 13.82299, 0.0]]",270.07
8343,1,1451082451140,436.75,11.57,"[[-1, -1, 85.77479, 22.87232, 5.64378], [1610612744, 101106, 89.89147, 25.78106, 0.0], [1610612744, 201575, 83.48544, 27.9061, 0.0], [1610612744, 201939, 86.58856, 15.27625, 0.0], [1610612744, 202691, 84.81618, 22.61377, 0.0], [1610612744, 203110, 51.18337, 6.99426, 0.0], [1610612739, 2544, 54.83458, 30.47219, 0.0], [1610612739, 2747, 58.96912, 5.6876, 0.0], [1610612739, 201567, 87.39123, 23.54147, 0.0], [1610612739, 202681, 78.33887, 19.12966, 0.0], [1610612739, 202389, 84.43013, 29.24991, 0.0]]",283.25
8344,1,1451082451180,436.71,24.0,"[[-1, -1, 85.79807, 22.42327, 5.47274], [1610612744, 101106, 90.05174, 25.70724, 0.0], [1610612744, 201575, 83.58489, 28.0313, 0.0], [1610612744, 201939, 86.456, 15.26275, 0.0], [1610612744, 202691, 84.83833, 22.72138, 0.0], [1610612744, 203110, 50.64621, 7.08054, 0.0], [1610612739, 2544, 54.54445, 30.49441, 0.0], [1610612739, 2747, 58.45573, 5.82709, 0.0], [1610612739, 201567, 87.31093, 23.67032, 0.0], [1610612739, 202681, 78.04476, 19.35494, 0.0], [1610612739, 202389, 84.07299, 29.31369, 0.0]]",283.29
8591,1,1451082461060,427.08,16.64,"[[-1, -1, 5.9462, 25.66062, 11.14419], [1610612744, 101106, 41.02525, 36.46466, 0.0], [1610612744, 201575, 11.83698, 39.98729, 0.0], [1610612744, 201939, 35.58072, 24.28789, 0.0], [1610612744, 202691, 21.72596, 6.70944, 0.0], [1610612744, 203110, 19.75128, 10.32902, 0.0], [1610612739, 2544, 6.64772, 29.13292, 0.0], [1610612739, 2747, 11.07854, 14.62403, 0.0], [1610612739, 201567, 26.51229, 7.67851, 0.0], [1610612739, 202681, 21.19361, 24.14726, 0.0], [1610612739, 202389, 10.4141, 25.73254, 0.0]]",292.92
9718,1,1451082521619,387.12,24.0,"[[-1, -1, 5.94203, 23.16742, 9.36462], [1610612744, 101106, 2.83151, 27.02302, 0.0], [1610612744, 201575, 9.77273, 46.28799, 0.0], [1610612744, 201939, 42.19579, 24.10748, 0.0], [1610612744, 202691, 30.72804, 38.59133, 0.0], [1610612744, 203110, 2.04933, 17.71398, 0.0], [1610612739, 2544, 7.15064, 26.78926, 0.0], [1610612739, 2747, 24.06503, 37.9923, 0.0], [1610612739, 201567, 6.54024, 24.24913, 0.0], [1610612739, 202681, 32.55276, 18.16959, 0.0], [1610612739, 202389, 3.97498, 24.60389, 0.0]]",332.88
9870,1,1451082527699,381.04,17.93,"[[-1, -1, 6.47339, 28.55338, 3.4019], [1610612744, 101106, 9.68118, 20.87641, 0.0], [1610612744, 201575, 8.88153, 26.3361, 0.0], [1610612744, 201939, 45.54648, 24.86931, 0.0], [1610612744, 202691, 10.26141, 14.65787, 0.0], [1610612744, 203110, 31.37963, 11.4988, 0.0], [1610612739, 2544, 9.2702, 28.23963, 0.0], [1610612739, 2747, 13.98185, 30.31063, 0.0], [1610612739, 201567, 2.89157, 17.27388, 0.0], [1610612739, 202681, 19.64459, 35.54635, 0.0], [1610612739, 202389, 6.66637, 28.26795, 0.0]]",338.96
9871,1,1451082527739,381.0,24.0,"[[-1, -1, 5.80501, 27.22622, 2.01857], [1610612744, 101106, 9.9965, 20.84907, 0.0], [1610612744, 201575, 9.00209, 26.09106, 0.0], [1610612744, 201939, 45.70266, 24.94206, 0.0], [1610612744, 202691, 10.63814, 14.61082, 0.0], [1610612744, 203110, 31.85279, 11.63481, 0.0], [1610612739, 2544, 9.35095, 28.31822, 0.0], [1610612739, 2747, 14.10629, 30.60656, 0.0], [1610612739, 201567, 2.87803, 17.07826, 0.0], [1610612739, 202681, 19.60904, 35.71817, 0.0], [1610612739, 202389, 6.66556, 28.43581, 0.0]]",339.0
10622,1,1451082557779,350.95,0.65,"[[-1, -1, 89.19405, 22.02492, 10.32385], [1610612744, 101106, 88.75061, 23.75454, 0.0], [1610612744, 201575, 86.47908, 32.81315, 0.0], [1610612744, 201939, 79.13932, 33.82132, 0.0], [1610612744, 202691, 83.75869, 24.45552, 0.0], [1610612744, 203110, 92.1222, 51.74838, 0.0], [1610612739, 2544, 66.21423, 33.63697, 0.0], [1610612739, 2747, 60.39467, 28.19866, 0.0], [1610612739, 201567, 89.19162, 47.2858, 0.0], [1610612739, 202681, 67.62902, 40.84722, 0.0], [1610612739, 202389, 88.39295, 21.60541, 0.0]]",369.05
11226,1,1451082787696,334.0,24.0,"[[-1, -1, 43.95888, 3.49686, 4.4459], [1610612744, 2738, 4.29467, 2.17286, 0.0], [1610612744, 101106, 25.62476, 16.05275, 0.0], [1610612744, 201939, 37.79995, 8.83319, 0.0], [1610612744, 202691, 11.21958, 47.74475, 0.0], [1610612744, 203110, 38.77734, 0.4931, 0.0], [1610612739, 2544, 4.70871, 10.74091, 0.0], [1610612739, 2747, 8.99489, 40.77959, 0.0], [1610612739, 201567, 23.67131, 11.85089, 0.0], [1610612739, 203521, 36.97699, 8.07449, 0.0], [1610612739, 202389, 19.38349, 17.03285, 0.0]]",386.0
11495,1,1451082798456,325.31,12.24,"[[-1, -1, 8.21072, 26.51147, 2.95993], [1610612744, 2738, 18.15042, 16.01721, 0.0], [1610612744, 101106, 16.86478, 28.10488, 0.0], [1610612744, 201939, 11.36349, 5.85924, 0.0], [1610612744, 202691, 38.19991, 24.13016, 0.0], [1610612744, 203110, 24.88429, 9.3239, 0.0], [1610612739, 2544, 32.97927, 3.38672, 0.0], [1610612739, 2747, 29.55726, 25.08578, 0.0], [1610612739, 201567, 8.35702, 22.00241, 0.0], [1610612739, 203521, 6.59674, 9.22398, 0.0], [1610612739, 202389, 12.34897, 27.51046, 0.0]]",394.69
11496,1,1451082798496,325.27,24.0,"[[-1, -1, 8.56595, 26.28175, 3.4987], [1610612744, 2738, 18.78236, 16.23123, 0.0], [1610612744, 101106, 17.28574, 28.01338, 0.0], [1610612744, 201939, 11.82448, 5.89383, 0.0], [1610612744, 202691, 38.52239, 24.20098, 0.0], [1610612744, 203110, 25.11227, 9.37024, 0.0], [1610612739, 2544, 33.58529, 3.37085, 0.0], [1610612739, 2747, 29.79998, 25.22142, 0.0], [1610612739, 201567, 8.25313, 22.13726, 0.0], [1610612739, 203521, 6.79023, 9.23014, 0.0], [1610612739, 202389, 12.41646, 27.52143, 0.0]]",394.73
12269,1,1451082829415,295.01,16.01,"[[-1, -1, 10.14047, 29.49433, 4.35948], [1610612744, 2738, 11.14763, 4.53736, 0.0], [1610612744, 101106, 2.92755, 22.09079, 0.0], [1610612744, 201939, 2.78936, 26.45187, 0.0], [1610612744, 202691, 9.11918, 45.38354, 0.0], [1610612744, 203110, 28.4658, 35.96166, 0.0], [1610612739, 2544, 7.52623, 18.18616, 0.0], [1610612739, 2747, 11.55635, 43.12855, 0.0], [1610612739, 201567, 10.43632, 29.22093, 0.0], [1610612739, 203521, 7.46522, 28.46718, 0.0], [1610612739, 202389, 3.75672, 24.80304, 0.0]]",424.99
12270,1,1451082851416,295.0,24.0,"[[-1, -1, 18.59594, 25.03464, 3.04082], [1610612744, 2738, 32.07332, 26.97958, 0.0], [1610612744, 101106, 10.52315, 12.98366, 0.0], [1610612744, 201939, 19.76907, 25.20171, 0.0], [1610612744, 202691, 35.60649, 34.28426, 0.0], [1610612744, 203110, 9.54385, 33.52479, 0.0], [1610612739, 2544, 11.84083, 16.08147, 0.0], [1610612739, 2747, 27.79637, 34.68846, 0.0], [1610612739, 201567, 6.53349, 33.45676, 0.0], [1610612739, 203521, 29.15281, 18.64311, 0.0], [1610612739, 202389, 6.67622, 16.23907, 0.0]]",425.0
13663,1,1451082923975,251.74,13.4,"[[-1, -1, 8.33747, 28.13796, 10.46541], [1610612744, 2738, 15.50535, 4.22181, 0.0], [1610612744, 101106, 28.02282, 31.13324, 0.0], [1610612744, 201939, 22.32393, 22.0816, 0.0], [1610612744, 202691, 16.56438, 46.38251, 0.0], [1610612744, 203110, 34.11355, 20.37389, 0.0], [1610612739, 2544, 7.38801, 14.35543, 0.0], [1610612739, 2747, 10.95877, 38.96199, 0.0], [1610612739, 201567, 8.05953, 27.23044, 0.0], [1610612739, 203521, 12.25997, 20.7808, 0.0], [1610612739, 202684, 8.81235, 21.51817, 0.0]]",468.26
14076,1,1451082977293,242.08,24.0,"[[-1, -1, 79.51407, 18.02077, 3.83795], [1610612744, 2738, 54.53124, 10.54336, 0.0], [1610612744, 101106, 51.50071, 32.80874, 0.0], [1610612744, 2733, 78.9605, 18.88388, 0.0], [1610612744, 201939, 63.93505, 41.8783, 0.0], [1610612744, 203110, 92.91397, 24.5856, 0.0], [1610612739, 2544, 23.39624, 20.01991, 0.0], [1610612739, 2747, 44.6955, 24.02818, 0.0], [1610612739, 202697, 63.66044, 24.74717, 0.0], [1610612739, 203521, 63.60931, 38.17832, 0.0], [1610612739, 202684, 49.48047, 27.67779, 0.0]]",477.91999999999996
14556,1,1451082996493,223.12,4.75,"[[-1, -1, 7.27592, 28.20054, 11.34284], [1610612744, 2738, 16.04003, 3.58475, 0.0], [1610612744, 101106, 2.64519, 28.69205, 0.0], [1610612744, 2733, 2.67652, 16.45614, 0.0], [1610612744, 201939, 7.72224, 27.90558, 0.0], [1610612744, 203110, 40.5027, 27.56989, 0.0], [1610612739, 2544, 20.68632, 2.11778, 0.0], [1610612739, 2747, 7.06423, 18.61966, 0.0], [1610612739, 202697, 12.56003, 24.24114, 0.0], [1610612739, 203521, 8.32904, 29.2662, 0.0], [1610612739, 202684, 6.78633, 25.9721, 0.0]]",496.88
14643,1,1451082999973,219.69,24.0,"[[-1, -1, 19.44098, 29.2413, 7.01142], [1610612744, 2738, 41.76495, 16.05384, 0.0], [1610612744, 101106, 8.3014, 20.02026, 0.0], [1610612744, 2733, 35.76928, 28.95012, 0.0], [1610612744, 201939, 28.18127, 43.725, 0.0], [1610612744, 203110, 61.19981, 25.18567, 0.0], [1610612739, 2544, 43.96082, 10.89195, 0.0], [1610612739, 2747, 18.21141, 28.39858, 0.0], [1610612739, 202697, 28.70256, 26.76712, 0.0], [1610612739, 203521, 19.08786, 39.88003, 0.0], [1610612739, 202684, 6.40825, 23.32972, 0.0]]",500.31
14967,1,1451083012934,206.89,11.13,"[[-1, -1, 89.06409, 28.32914, 13.03286], [1610612744, 2738, 83.54248, 18.34638, 0.0], [1610612744, 101106, 88.77781, 26.045, 0.0], [1610612744, 2733, 87.08377, 31.35233, 0.0], [1610612744, 201939, 77.06512, 24.48786, 0.0], [1610612744, 203110, 96.32601, 4.63233, 0.0], [1610612739, 2544, 81.12588, 27.7204, 0.0], [1610612739, 2747, 69.47036, 40.88185, 0.0], [1610612739, 202697, 88.85362, 1.89355, 0.0], [1610612739, 203521, 58.55139, 14.0701, 0.0], [1610612739, 202684, 88.7841, 28.23935, 0.0]]",513.11
14968,1,1451083012973,206.85,24.0,"[[-1, -1, 88.96529, 28.70196, 13.20033], [1610612744, 2738, 83.57039, 18.35209, 0.0], [1610612744, 101106, 88.94596, 26.08028, 0.0], [1610612744, 2733, 87.0775, 31.51679, 0.0], [1610612744, 201939, 77.08974, 24.54809, 0.0], [1610612744, 203110, 96.22936, 4.57975, 0.0], [1610612739, 2544, 81.2391, 27.64784, 0.0], [1610612739, 2747, 69.31202, 40.79462, 0.0], [1610612739, 202697, 88.75612, 1.94974, 0.0], [1610612739, 203521, 58.39388, 14.16238, 0.0], [1610612739, 202684, 88.85876, 28.29112, 0.0]]",513.15
15858,1,1451083253890,177.63,16.0,"[[-1, -1, 4.39767, 23.39827, 2.74596], [1610612744, 2738, 5.06238, 29.25449, 0.0], [1610612744, 2733, 31.06338, 27.61957, 0.0], [1610612744, 201939, 26.45076, 10.48429, 0.0], [1610612744, 203105, 8.69716, 22.13605, 0.0], [1610612744, 203110, 8.51348, 25.81828, 0.0], [1610612739, 2544, 8.3228, 21.87971, 0.0], [1610612739, 2747, 5.21699, 28.7696, 0.0], [1610612739, 202697, 25.31758, 29.83523, 0.0], [1610612739, 203521, 21.20856, 13.5926, 0.0], [1610612739, 202684, 6.85737, 25.14645, 0.0]]",542.37
15859,1,1451083253931,177.59,24.0,"[[-1, -1, 4.18159, 23.21993, 2.51279], [1610612744, 2738, 5.22143, 29.55215, 0.0], [1610612744, 2733, 31.53903, 27.66936, 0.0], [1610612744, 201939, 26.58762, 10.4738, 0.0], [1610612744, 203105, 8.76804, 22.29251, 0.0], [1610612744, 203110, 8.37276, 25.96354, 0.0], [1610612739, 2544, 8.22699, 21.82182, 0.0], [1610612739, 2747, 5.33107, 28.884, 0.0], [1610612739, 202697, 25.5331, 29.97859, 0.0], [1610612739, 203521, 21.09109, 13.58302, 0.0], [1610612739, 202684, 6.76416, 25.16192, 0.0]]",542.41
16681,1,1451083286810,144.91,17.26,"[[-1, -1, 89.17519, 27.76636, 12.15317], [1610612744, 2738, 70.26286, 16.60535, 0.0], [1610612744, 2733, 69.49537, 35.53902, 0.0], [1610612744, 201939, 82.66351, 27.50923, 0.0], [1610612744, 203105, 69.64582, 40.14746, 0.0], [1610612744, 203110, 87.2049, 22.39995, 0.0], [1610612739, 2544, 58.06877, 15.0852, 0.0], [1610612739, 2747, 55.91884, 36.17856, 0.0], [1610612739, 202697, 69.59944, 46.52863, 0.0], [1610612739, 203521, 55.74496, 20.53934, 0.0], [1610612739, 202684, 87.87864, 20.55234, 0.0]]",575.09
17386,1,1451083315009,116.89,24.0,"[[-1, -1, 90.67044, 25.38326, 5.48999], [1610612744, 2738, 87.00841, 22.26565, 0.0], [1610612744, 2733, 85.81445, 8.96973, 0.0], [1610612744, 201939, 75.16859, 31.95598, 0.0], [1610612744, 203105, 91.55609, 26.75959, 0.0], [1610612744, 203110, 90.89154, 22.75408, 0.0], [1610612739, 2544, 94.73062, 33.26219, 0.0], [1610612739, 2747, 81.3804, 3.77256, 0.0], [1610612739, 202697, 81.27305, 44.32574, 0.0], [1610612739, 203521, 66.77937, 33.38699, 0.0], [1610612739, 202684, 85.30083, 20.34735, 0.0]]",603.11
19015,1,1451083442447,59.94,10.29,"[[-1, -1, 88.11986, 25.6433, 10.85956], [1610612744, 2738, 83.62236, 33.3002, 0.0], [1610612744, 2733, 85.62343, 15.27146, 0.0], [1610612744, 201939, 65.60723, 7.81109, 0.0], [1610612744, 203105, 82.14602, 24.96936, 0.0], [1610612744, 203110, 85.01497, 27.17607, 0.0], [1610612739, 2592, 61.98999, 33.95562, 0.0], [1610612739, 2590, 83.55752, 4.53981, 0.0], [1610612739, 202697, 80.17228, 34.97227, 0.0], [1610612739, 203521, 66.10124, 13.21355, 0.0], [1610612739, 202684, 81.3441, 27.21509, 0.0]]",660.06
20684,2,1451083780604,720.0,24.0,"[[-1, -1, 90.69284, 12.01519, 4.19522], [1610612744, 2738, 26.76596, 3.53664, 0.0], [1610612744, 2571, 46.0983, -0.96478, 0.0], [1610612744, 2733, 72.48208, 19.20325, 0.0], [1610612744, 201578, 37.3786, -0.9599, 0.0], [1610612744, 203105, 96.89122, 14.75005, 0.0], [1610612739, 2590, 43.9006, 9.27367, 0.0], [1610612739, 201567, 61.97805, 4.72098, 0.0], [1610612739, 202697, 32.42493, 10.91662, 0.0], [1610612739, 203521, 65.1094, 16.7195, 0.0], [1610612739, 202684, 46.97295, 6.00984, 0.0]]",720.0
21721,2,1451083822083,683.53,1.23,"[[-1, -1, 84.83935, 5.63516, 8.34993], [1610612744, 2738, 87.65013, 31.76655, 0.0], [1610612744, 2571, 69.43862, 18.039, 0.0], [1610612744, 2733, 84.0623, 1.23593, 0.0], [1610612744, 201578, 79.89579, 29.93192, 0.0], [1610612744, 203105, 88.28885, 15.74396, 0.0], [1610612739, 2590, 85.38528, 3.75764, 0.0], [1610612739, 201567, 73.03938, 36.05249, 0.0], [1610612739, 202697, 82.6536, 37.54661, 0.0], [1610612739, 203521, 57.48174, 17.33548, 0.0], [1610612739, 202684, 87.37003, 14.44226, 0.0]]",756.47
22127,2,1451083893042,683.0,24.0,"[[-1, -1, 86.09094, 31.35946, 4.10617], [1610612744, 2738, 48.19313, 20.83085, 0.0], [1610612744, 2571, 30.98945, 41.34057, 0.0], [1610612744, 2733, 86.08399, 30.52877, 0.0], [1610612744, 201578, 93.27938, 29.2852, 0.0], [1610612744, 203105, 69.7971, 24.07633, 0.0], [1610612739, 2590, 39.53333, 32.07719, 0.0], [1610612739, 201567, 57.95665, 29.35988, 0.0], [1610612739, 202697, 34.15161, 24.0018, 0.0], [1610612739, 203521, 49.61484, 24.87419, 0.0], [1610612739, 202684, 53.46226, 20.92308, 0.0]]",757.0
23300,2,1451083939961,636.04,7.64,"[[-1, -1, 6.07962, 24.20653, 5.00374], [1610612744, 2738, 39.40484, 34.49726, 0.0], [1610612744, 2571, 32.73149, 38.22259, 0.0], [1610612744, 2733, 30.1365, 18.81713, 0.0], [1610612744, 201578, 16.67555, 29.37328, 0.0], [1610612744, 203105, 10.32615, 27.66588, 0.0], [1610612739, 2590, 14.1251, 20.95675, 0.0], [1610612739, 201567, 10.82482, 24.44818, 0.0], [1610612739, 202697, 34.73782, 34.09138, 0.0], [1610612739, 203521, 16.67555, 29.37328, 0.0], [1610612739, 202684, 6.37978, 25.56656, 0.0]]",803.96
23301,2,1451083940002,636.0,24.0,"[[-1, -1, 6.00182, 24.11869, 4.74326], [1610612744, 2738, 39.94139, 34.58063, 0.0], [1610612744, 2571, 33.04143, 38.03164, 0.0], [1610612744, 2733, 30.53653, 18.94525, 0.0], [1610612744, 201578, 16.72447, 29.3609, 0.0], [1610612744, 203105, 10.51271, 27.62725, 0.0], [1610612739, 2590, 14.15583, 20.79193, 0.0], [1610612739, 201567, 10.84055, 24.24581, 0.0], [1610612739, 202697, 34.81799, 34.17281, 0.0], [1610612739, 203521, 16.72447, 29.3609, 0.0], [1610612739, 202684, 6.27635, 25.42614, 0.0]]",804.0
23728,2,1451083957082,618.87,9.52,"[[-1, -1, 88.3161, 24.16908, 5.13677], [1610612744, 2738, 73.84531, 33.74401, 0.0], [1610612744, 2571, 95.11381, 17.48277, 0.0], [1610612744, 2733, 89.30176, 31.54749, 0.0], [1610612744, 201578, 83.02706, 21.2005, 0.0], [1610612744, 203105, 88.60634, 17.29143, 0.0], [1610612739, 2590, 77.16301, 43.83744, 0.0], [1610612739, 201567, 59.40835, 8.46786, 0.0], [1610612739, 202697, 59.41013, 32.79396, 0.0], [1610612739, 203521, 85.76232, 36.63559, 0.0], [1610612739, 202684, 86.4283, 23.383, 0.0]]",821.13
23729,2,1451083957121,618.83,24.0,"[[-1, -1, 88.36475, 24.16259, 4.94082], [1610612744, 2738, 73.78834, 33.92057, 0.0], [1610612744, 2571, 95.03472, 17.18257, 0.0], [1610612744, 2733, 89.31485, 31.50424, 0.0], [1610612744, 201578, 83.18205, 21.19074, 0.0], [1610612744, 203105, 88.57514, 17.32408, 0.0], [1610612739, 2590, 76.79168, 43.66015, 0.0], [1610612739, 201567, 59.07594, 8.57945, 0.0], [1610612739, 202697, 59.15613, 32.78936, 0.0], [1610612739, 203521, 85.34825, 36.68846, 0.0], [1610612739, 202684, 86.21319, 23.3027, 0.0]]",821.17
24495,2,1451083987762,588.1,14.83,"[[-1, -1, 90.21193, 24.19537, 3.6512], [1610612744, 2738, 95.03516, 18.15739, 0.0], [1610612744, 2571, 64.79993, 13.98029, 0.0], [1610612744, 2733, 74.92256, 35.65488, 0.0], [1610612744, 201578, 84.74434, 26.34333, 0.0], [1610612744, 203105, 88.12648, 26.97489, 0.0], [1610612739, 2590, 61.81131, 10.21078, 0.0], [1610612739, 201567, 71.67714, 33.55544, 0.0], [1610612739, 202697, 87.76429, 23.2218, 0.0], [1610612739, 203521, 66.74724, 39.24343, 0.0], [1610612739, 202684, 85.63997, 25.94242, 0.0]]",851.9
24496,2,1451083987801,588.06,24.0,"[[-1, -1, 90.33951, 24.12152, 3.65311], [1610612744, 2738, 95.32711, 18.013, 0.0], [1610612744, 2571, 64.51349, 13.93533, 0.0], [1610612744, 2733, 74.94733, 35.72016, 0.0], [1610612744, 201578, 84.71571, 26.46734, 0.0], [1610612744, 203105, 88.08655, 26.83301, 0.0], [1610612739, 2590, 61.56695, 10.26031, 0.0], [1610612739, 201567, 71.21769, 33.55638, 0.0], [1610612739, 202697, 87.72528, 23.08841, 0.0], [1610612739, 203521, 66.47653, 39.11288, 0.0], [1610612739, 202684, 85.41127, 25.93223, 0.0]]",851.94
25647,2,1451084222838,551.17,14.74,"[[-1, -1, 85.31417, 20.70105, 11.30094], [1610612744, 2738, 83.12925, 22.97202, 0.0], [1610612744, 2571, 88.37433, 24.07607, 0.0], [1610612744, 201578, 86.30112, 9.23637, 0.0], [1610612744, 203105, 87.36005, 24.84645, 0.0], [1610612744, 202691, 87.37015, 28.60612, 0.0], [1610612739, 2544, 84.41668, 18.56473, 0.0], [1610612739, 201567, 86.09274, 1.35382, 0.0], [1610612739, 202697, 57.79925, 27.77271, 0.0], [1610612739, 202681, 83.8766, 47.43371, 0.0], [1610612739, 202684, 86.64732, 28.4669, 0.0]]",888.83
25792,2,1451084249438,552.08,24.0,"[[-1, -1, 85.46515, 21.34377, 3.11519], [1610612744, 2738, 85.5622, 20.23845, 0.0], [1610612744, 2571, 54.54142, 39.80249, 0.0], [1610612744, 201578, 59.58448, 19.63242, 0.0], [1610612744, 203105, 92.86621, 27.40992, 0.0], [1610612744, 202691, 44.1468, 6.19111, 0.0], [1610612739, 2544, 48.59763, 23.38039, 0.0], [1610612739, 201567, 52.9184, 15.41074, 0.0], [1610612739, 202697, 38.68972, 11.27548, 0.0], [1610612739, 202681, 42.54059, 36.36665, 0.0], [1610612739, 202684, 55.88613, 29.304, 0.0]]",887.92
26146,2,1451084263597,539.04,9.56,"[[-1, -1, 6.1522, 12.38687, 2.89014], [1610612744, 2738, 40.24098, 9.63401, 0.0], [1610612744, 2571, 10.98731, 32.94621, 0.0], [1610612744, 201578, 30.45054, 15.41867, 0.0], [1610612744, 203105, 7.527, 18.95721, 0.0], [1610612744, 202691, 37.06508, 37.8142, 0.0], [1610612739, 2544, 47.88327, 8.03324, 0.0], [1610612739, 201567, 5.34689, 12.35032, 0.0], [1610612739, 202697, 25.09777, 33.10002, 0.0], [1610612739, 202681, 5.31295, 33.10698, 0.0], [1610612739, 202684, 7.30896, 25.56424, 0.0]]",900.96
26147,2,1451084263636,539.0,24.0,"[[-1, -1, 6.13731, 12.19438, 2.67463], [1610612744, 2738, 40.73701, 9.77964, 0.0], [1610612744, 2571, 11.10339, 32.95212, 0.0], [1610612744, 201578, 30.80582, 15.51433, 0.0], [1610612744, 203105, 7.97497, 18.81926, 0.0], [1610612744, 202691, 37.37764, 37.69374, 0.0], [1610612739, 2544, 48.29278, 8.10672, 0.0], [1610612739, 201567, 5.40586, 12.09317, 0.0], [1610612739, 202697, 25.21088, 33.09592, 0.0], [1610612739, 202681, 5.25735, 32.98396, 0.0], [1610612739, 202684, 7.55979, 25.4472, 0.0]]",901.0
27141,2,1451084320438,508.01,20.87,"[[-1, -1, 87.01703, 26.81011, 4.86311], [1610612744, 2738, 88.54747, 26.96987, 0.0], [1610612744, 2571, 94.60327, 22.37763, 0.0], [1610612744, 201578, 86.78903, 25.85654, 0.0], [1610612744, 203105, 86.85339, 22.37566, 0.0], [1610612744, 202691, 72.13636, 19.01496, 0.0], [1610612739, 2544, 89.40434, 26.41448, 0.0], [1610612739, 201567, 31.47144, 27.98846, 0.0], [1610612739, 202697, 90.82502, 15.07775, 0.0], [1610612739, 202681, 98.80875, 12.33115, 0.0], [1610612739, 202684, 89.73806, 17.97663, 0.0]]",931.99
27142,2,1451084344597,508.0,24.0,"[[-1, -1, 75.09659, 24.78666, 3.16631], [1610612744, 2738, 81.4108, 33.78981, 0.0], [1610612744, 2571, 39.85221, 28.86136, 0.0], [1610612744, 201578, 88.97517, 16.46024, 0.0], [1610612744, 203105, 87.85881, 33.69879, 0.0], [1610612744, 202691, 65.63777, 34.48529, 0.0], [1610612739, 2544, 41.85832, 16.70186, 0.0], [1610612739, 201567, 84.39854, 35.02347, 0.0], [1610612739, 202697, 60.57809, 31.89727, 0.0], [1610612739, 202681, 74.2303, 24.7974, 0.0], [1610612739, 202684, 84.12571, 15.92031, 0.0]]",932.0
27927,2,1451084388915,488.52,4.24,"[[-1, -1, 3.55278, 24.88636, 4.82454], [1610612744, 2571, 37.63055, 37.54528, 0.0], [1610612744, 201575, 9.82329, 20.71185, 0.0], [1610612744, 201578, 9.69583, 25.07609, 0.0], [1610612744, 203105, 15.04408, 29.95502, 0.0], [1610612744, 202691, 15.46638, 8.43149, 0.0], [1610612739, 2544, 5.91097, 22.58618, 0.0], [1610612739, 201567, 9.11423, 29.38832, 0.0], [1610612739, 202697, 11.28219, 11.00732, 0.0], [1610612739, 202681, 24.05737, 39.65756, 0.0], [1610612739, 202684, 4.28419, 25.89406, 0.0]]",951.48
27928,2,1451084388955,488.48,24.0,"[[-1, -1, 3.29044, 25.08523, 4.76324], [1610612744, 2571, 37.90225, 37.52013, 0.0], [1610612744, 201575, 10.19891, 20.87115, 0.0], [1610612744, 201578, 9.85987, 25.13442, 0.0], [1610612744, 203105, 15.44102, 29.87691, 0.0], [1610612744, 202691, 15.87172, 8.4992, 0.0], [1610612739, 2544, 5.96971, 22.64015, 0.0], [1610612739, 201567, 9.18367, 29.44086, 0.0], [1610612739, 202697, 11.51245, 11.01998, 0.0], [1610612739, 202681, 24.09293, 39.80935, 0.0], [1610612739, 202684, 4.01337, 25.99495, 0.0]]",951.52
29621,2,1451084472834,426.08,6.92,"[[-1, -1, 87.98776, 24.80328, 7.72228], [1610612744, 2571, 79.40042, 6.02036, 0.0], [1610612744, 201575, 83.03596, 29.77808, 0.0], [1610612744, 203105, 87.47983, 22.30733, 0.0], [1610612744, 202691, 68.27756, 31.24777, 0.0], [1610612744, 203110, 87.12866, 26.0582, 0.0], [1610612739, 2544, 81.23308, 9.00329, 0.0], [1610612739, 201567, 64.94974, 8.96413, 0.0], [1610612739, 202697, 56.19054, 29.33817, 0.0], [1610612739, 202681, 73.81712, 4.72612, 0.0], [1610612739, 202684, 87.28729, 24.22286, 0.0]]",1013.9200000000001
29622,2,1451084472874,426.04,24.0,"[[-1, -1, 88.10527, 24.93021, 7.95608], [1610612744, 2571, 78.99813, 5.83755, 0.0], [1610612744, 201575, 82.63656, 29.88591, 0.0], [1610612744, 203105, 87.55901, 22.40409, 0.0], [1610612744, 202691, 68.04424, 31.49494, 0.0], [1610612744, 203110, 87.1017, 26.22171, 0.0], [1610612739, 2544, 80.7929, 8.8933, 0.0], [1610612739, 201567, 64.70469, 9.01363, 0.0], [1610612739, 202697, 55.97264, 29.37414, 0.0], [1610612739, 202681, 73.37753, 4.81988, 0.0], [1610612739, 202684, 87.20706, 24.20633, 0.0]]",1013.96
30114,2,1451084492553,407.0,9.0,"[[-1, -1, 5.88515, 21.71639, 8.366], [1610612744, 2571, 34.40481, 40.52963, 0.0], [1610612744, 201575, 10.05117, 4.03464, 0.0], [1610612744, 203105, 7.71703, 27.31759, 0.0], [1610612744, 202691, 21.55691, 6.80841, 0.0], [1610612744, 203110, 3.98981, 11.12907, 0.0], [1610612739, 2544, 13.33504, 17.48797, 0.0], [1610612739, 201567, 7.6274, 27.55722, 0.0], [1610612739, 202697, 11.92461, 9.60376, 0.0], [1610612739, 202681, 23.63856, 38.06493, 0.0], [1610612739, 202684, 10.0591, 20.41623, 0.0]]",1033.0
30115,2,1451084517954,407.0,24.0,"[[-1, -1, 18.53534, 25.29742, 1.69793], [1610612744, 2571, 27.13317, 9.44578, 0.0], [1610612744, 201575, 10.30258, 33.89855, 0.0], [1610612744, 203105, 9.60043, 15.56547, 0.0], [1610612744, 202691, 29.95731, 28.09948, 0.0], [1610612744, 203110, 19.82894, 25.02564, 0.0], [1610612739, 2544, 24.43395, 6.20515, 0.0], [1610612739, 201567, 5.34764, 33.66626, 0.0], [1610612739, 202697, 39.76448, 12.61825, 0.0], [1610612739, 202681, 12.70363, 16.17334, 0.0], [1610612739, 202684, 5.9462, 16.21154, 0.0]]",1033.0
31061,2,1451084571153,379.57,12.74,"[[-1, -1, 5.21611, 24.92507, 8.47199], [1610612744, 101106, 7.16682, 28.53926, 0.0], [1610612744, 2733, 3.32408, 36.98334, 0.0], [1610612744, 201575, 25.75216, 39.63904, 0.0], [1610612744, 202691, 6.48309, 25.99635, 0.0], [1610612744, 203110, 34.89053, 25.8819, 0.0], [1610612739, 2544, 15.64788, 32.98633, 0.0], [1610612739, 2747, 1.50164, 33.34208, 0.0], [1610612739, 201567, 7.5947, 26.65943, 0.0], [1610612739, 202681, 2.25398, 18.37561, 0.0], [1610612739, 202684, 6.03041, 22.85978, 0.0]]",1060.43
31062,2,1451084571193,379.53,24.0,"[[-1, -1, 5.17577, 24.80744, 7.25244], [1610612744, 101106, 7.46335, 28.30591, 0.0], [1610612744, 2733, 3.48132, 36.99992, 0.0], [1610612744, 201575, 25.97313, 39.5395, 0.0], [1610612744, 202691, 6.67664, 26.25681, 0.0], [1610612744, 203110, 35.09623, 25.85108, 0.0], [1610612739, 2544, 15.73561, 33.08871, 0.0], [1610612739, 2747, 1.5098, 33.46707, 0.0], [1610612739, 201567, 7.72064, 26.35553, 0.0], [1610612739, 202681, 2.08046, 18.39902, 0.0], [1610612739, 202684, 5.87654, 22.8534, 0.0]]",1060.47
32867,2,1451084832470,318.13,3.12,"[[-1, -1, 88.7113, 23.45769, 10.04944], [1610612744, 2738, 88.42031, 22.97656, 0.0], [1610612744, 101106, 88.04474, 25.62309, 0.0], [1610612744, 201939, 91.07747, 32.31647, 0.0], [1610612744, 202691, 70.12158, 20.05691, 0.0], [1610612744, 203110, 82.97625, 26.95979, 0.0], [1610612739, 2544, 88.12065, 20.12058, 0.0], [1610612739, 2747, 88.95846, 47.84103, 0.0], [1610612739, 201567, 69.28394, 42.45063, 0.0], [1610612739, 202681, 61.07776, 19.49544, 0.0], [1610612739, 202684, 88.27333, 30.13998, 0.0]]",1121.87
32868,2,1451084850470,318.0,24.0,"[[-1, -1, 73.95823, 24.46922, 2.17107], [1610612744, 2738, 88.15478, 16.54109, 0.0], [1610612744, 101106, 89.159, 34.97357, 0.0], [1610612744, 201939, 65.36941, 35.22327, 0.0], [1610612744, 202691, 58.58143, 27.11805, 0.0], [1610612744, 203110, 82.14061, 16.11133, 0.0], [1610612739, 2544, 73.89617, 24.72204, 0.0], [1610612739, 2747, 57.44015, 30.71098, 0.0], [1610612739, 201567, 83.93258, 34.68581, 0.0], [1610612739, 202681, 36.10162, 8.2271, 0.0], [1610612739, 202684, 84.43848, 16.52197, 0.0]]",1122.0
34657,2,1451084953508,260.98,13.92,"[[-1, -1, 4.8807, 26.00043, 10.66853], [1610612744, 2738, 7.33471, 46.3747, 0.0], [1610612744, 101106, 6.125, 23.10224, 0.0], [1610612744, 201939, 39.51966, 32.70517, 0.0], [1610612744, 202691, 27.76882, 42.44665, 0.0], [1610612744, 203110, 15.03997, 21.95665, 0.0], [1610612739, 2544, 5.29604, 28.74662, 0.0], [1610612739, 201567, 7.09508, 26.18004, 0.0], [1610612739, 203521, 21.48426, 38.60837, 0.0], [1610612739, 202681, 31.46969, 29.30543, 0.0], [1610612739, 202684, 10.47553, 23.3226, 0.0]]",1179.02
34658,2,1451084953549,260.94,24.0,"[[-1, -1, 5.09862, 27.73683, 11.3636], [1610612744, 2738, 7.5238, 46.22925, 0.0], [1610612744, 101106, 6.13633, 23.21189, 0.0], [1610612744, 201939, 39.57998, 32.56938, 0.0], [1610612744, 202691, 27.84232, 42.32147, 0.0], [1610612744, 203110, 15.38048, 21.95577, 0.0], [1610612739, 2544, 5.31199, 28.58229, 0.0], [1610612739, 201567, 6.93437, 26.22241, 0.0], [1610612739, 203521, 21.49467, 38.44184, 0.0], [1610612739, 202681, 31.44986, 29.07123, 0.0], [1610612739, 202684, 10.5044, 23.5484, 0.0]]",1179.06
35117,2,1451084971908,242.55,5.52,"[[-1, -1, 88.80477, 23.09174, 12.90938], [1610612744, 2738, 83.29924, 15.55708, 0.0], [1610612744, 101106, 88.12138, 19.36963, 0.0], [1610612744, 201939, 88.87985, 21.42561, 0.0], [1610612744, 202691, 81.69565, 48.54249, 0.0], [1610612744, 203110, 84.98545, 30.39429, 0.0], [1610612739, 2544, 75.63353, 10.98764, 0.0], [1610612739, 201567, 78.42524, 28.52711, 0.0], [1610612739, 203521, 88.33538, 47.38207, 0.0], [1610612739, 202681, 90.45441, 31.55995, 0.0], [1610612739, 202684, 87.64586, 20.34766, 0.0]]",1197.45
35118,2,1451084971948,242.51,24.0,"[[-1, -1, 88.81564, 22.82928, 13.16048], [1610612744, 2738, 83.25717, 15.47938, 0.0], [1610612744, 101106, 87.88907, 19.37515, 0.0], [1610612744, 201939, 88.85151, 21.18274, 0.0], [1610612744, 202691, 81.34895, 48.49878, 0.0], [1610612744, 203110, 85.16772, 30.28614, 0.0], [1610612739, 2544, 75.43484, 10.88465, 0.0], [1610612739, 201567, 78.83328, 28.28761, 0.0], [1610612739, 203521, 88.11687, 47.3503, 0.0], [1610612739, 202681, 90.24706, 31.57499, 0.0], [1610612739, 202684, 87.7623, 20.16191, 0.0]]",1197.49
35304,2,1451084979387,235.06,18.04,"[[-1, -1, 88.26282, 30.0584, 11.77448], [1610612744, 2738, 82.2067, 22.72282, 0.0], [1610612744, 101106, 87.4019, 23.59247, 0.0], [1610612744, 201939, 88.93658, 52.19166, 0.0], [1610612744, 202691, 84.55908, 31.14535, 0.0], [1610612744, 203110, 87.2289, 19.96941, 0.0], [1610612739, 2544, 67.23559, 10.14743, 0.0], [1610612739, 201567, 84.87888, 24.66978, 0.0], [1610612739, 203521, 59.10834, 30.41739, 0.0], [1610612739, 202681, 87.07935, 46.48113, 0.0], [1610612739, 202684, 88.19647, 21.13511, 0.0]]",1204.94
35305,2,1451084979427,235.02,24.0,"[[-1, -1, 88.3215, 30.54829, 11.72969], [1610612744, 2738, 82.28732, 22.83903, 0.0], [1610612744, 101106, 87.36946, 23.54772, 0.0], [1610612744, 201939, 88.70621, 52.20371, 0.0], [1610612744, 202691, 84.80144, 30.96594, 0.0], [1610612744, 203110, 87.35078, 20.19534, 0.0], [1610612739, 2544, 67.18045, 10.2314, 0.0], [1610612739, 201567, 84.869, 24.96679, 0.0], [1610612739, 203521, 59.0056, 30.42784, 0.0], [1610612739, 202681, 87.08916, 46.37397, 0.0], [1610612739, 202684, 88.30852, 21.05734, 0.0]]",1204.98
36319,2,1451085227545,199.59,8.42,"[[1610612744, 2738, 14.68747, 3.48337, 0.0], [1610612744, 101106, 5.13424, 17.623, 0.0], [1610612744, 201939, 46.97594, 25.77978, 0.0], [1610612744, 202691, 5.34652, 45.67858, 0.0], [1610612744, 203110, 15.48903, 39.39534, 0.0], [1610612739, 2544, 16.6172, 12.35111, 0.0], [1610612739, 201567, 7.90216, 33.55521, 0.0], [1610612739, 202697, 13.36727, 42.24556, 0.0], [1610612739, 203521, 31.86429, 26.20916, 0.0], [1610612739, 202684, 9.84078, 23.25674, 0.0]]",1240.4099999999999
36320,2,1451085230865,200.0,24.0,"[[-1, -1, -0.27376, 39.15353, 3.92927], [1610612744, 2738, 43.23226, 5.85403, 0.0], [1610612744, 101106, 34.60714, 21.33418, 0.0], [1610612744, 201939, 57.78196, 26.93217, 0.0], [1610612744, 202691, 31.67337, 44.0876, 0.0], [1610612744, 203110, 29.26854, 33.47241, 0.0], [1610612739, 2544, 37.94411, 8.71389, 0.0], [1610612739, 201567, 22.06238, 37.94671, 0.0], [1610612739, 202697, 46.42447, 46.06034, 0.0], [1610612739, 203521, 17.75882, 27.50706, 0.0], [1610612739, 202684, 13.10277, 31.83237, 0.0]]",1240.0
37491,2,1451085277704,157.91,6.54,"[[-1, -1, 95.57486, 29.00545, 2.86163], [1610612744, 2738, 78.09189, 26.27204, 0.0], [1610612744, 101106, 89.15985, 24.34989, 0.0], [1610612744, 201939, 80.17546, 11.95273, 0.0], [1610612744, 202691, 89.54527, 29.81935, 0.0], [1610612744, 203110, 87.25039, 21.72561, 0.0], [1610612739, 2544, 94.51293, 22.89057, 0.0], [1610612739, 201567, 69.83601, 7.41181, 0.0], [1610612739, 202697, 90.80659, 3.70967, 0.0], [1610612739, 203521, 61.08206, 21.09499, 0.0], [1610612739, 202684, 85.84742, 21.70068, 0.0]]",1282.0900000000001
39277,2,1451085416462,110.0,24.0,"[[-1, -1, 84.09592, 19.65417, 5.60644], [1610612744, 2738, 77.74997, 27.07345, 0.0], [1610612744, 101106, 51.40973, 31.32548, 0.0], [1610612744, 201939, 28.72677, 16.80131, 0.0], [1610612744, 202691, 55.46795, 10.98455, 0.0], [1610612744, 203110, 93.99804, 12.79825, 0.0], [1610612739, 2544, 39.82284, 12.88697, 0.0], [1610612739, 201567, 58.093, 22.72182, 0.0], [1610612739, 202697, 24.72087, 20.2229, 0.0], [1610612739, 203521, 35.26183, 17.64129, 0.0], [1610612739, 202389, 41.83072, 20.6416, 0.0]]",1330.0
39487,2,1451085424862,102.0,15.38,"[[-1, -1, 19.87684, 32.59477, 3.58452], [1610612744, 2738, 33.18552, 27.92368, 0.0], [1610612744, 101106, 8.36973, 31.00932, 0.0], [1610612744, 201939, 10.48499, 8.03869, 0.0], [1610612744, 202691, 19.94418, 34.1967, 0.0], [1610612744, 203110, 13.14656, 11.33865, 0.0], [1610612739, 2544, 22.7003, 25.13186, 0.0], [1610612739, 201567, 9.42055, 16.89839, 0.0], [1610612739, 202697, 19.89067, 36.47156, 0.0], [1610612739, 203521, 10.64129, 10.98118, 0.0], [1610612739, 202389, 10.45015, 28.98656, 0.0]]",1338.0
39488,2,1451085444862,102.0,24.0,"[[-1, -1, 18.33771, 25.24924, 2.22981], [1610612744, 2738, 34.3401, 26.73523, 0.0], [1610612744, 101106, 9.66381, 13.33568, 0.0], [1610612744, 201939, 38.38017, 19.64262, 0.0], [1610612744, 202691, 19.68057, 25.79844, 0.0], [1610612744, 203110, 9.54745, 33.72838, 0.0], [1610612739, 2544, 33.60024, 14.33472, 0.0], [1610612739, 201567, 6.2324, 16.18809, 0.0], [1610612739, 202697, 12.34493, 33.08768, 0.0], [1610612739, 203521, 32.99611, 21.27802, 0.0], [1610612739, 202389, 5.21118, 33.89493, 0.0]]",1338.0
40059,2,1451085479221,89.85,12.24,"[[-1, -1, 88.55172, 23.76036, 10.10948], [1610612744, 2738, 84.11657, 28.42462, 0.0], [1610612744, 101106, 94.98465, 21.65364, 0.0], [1610612744, 201939, 72.07287, 13.72411, 0.0], [1610612744, 202691, 87.55867, 28.25185, 0.0], [1610612744, 203110, 85.23656, 23.86191, 0.0], [1610612739, 2544, 87.78246, 25.43537, 0.0], [1610612739, 201567, 85.53694, 1.88071, 0.0], [1610612739, 202697, 75.81271, 44.03464, 0.0], [1610612739, 203521, 63.99676, 15.81499, 0.0], [1610612739, 202389, 85.50392, 26.19748, 0.0]]",1350.15
40060,2,1451085479262,89.81,24.0,"[[-1, -1, 88.90715, 23.1371, 10.00215], [1610612744, 2738, 84.13484, 28.40478, 0.0], [1610612744, 101106, 95.01354, 21.62539, 0.0], [1610612744, 201939, 72.09324, 13.73939, 0.0], [1610612744, 202691, 87.75051, 28.20996, 0.0], [1610612744, 203110, 85.19071, 23.91758, 0.0], [1610612739, 2544, 87.91491, 25.50559, 0.0], [1610612739, 201567, 85.54086, 1.90468, 0.0], [1610612739, 202697, 75.3707, 43.86315, 0.0], [1610612739, 203521, 63.92169, 15.86012, 0.0], [1610612739, 202389, 85.52265, 26.16673, 0.0]]",1350.19
40468,2,1451085495581,72.97,8.9,"[[-1, -1, 29.26948, 27.17017, 5.52404], [1610612744, 2738, 32.0377, 37.80034, 0.0], [1610612744, 101106, 12.77511, 38.66046, 0.0], [1610612744, 201939, 21.81982, 8.32007, 0.0], [1610612744, 202691, 21.22177, 8.81867, 0.0], [1610612744, 203110, 26.70621, 14.91325, 0.0], [1610612739, 2544, 25.50306, 33.58367, 0.0], [1610612739, 201567, 18.4491, 20.4453, 0.0], [1610612739, 202697, 21.99012, 7.42598, 0.0], [1610612739, 203521, 15.69286, 11.13358, 0.0], [1610612739, 202389, 13.21883, 34.59961, 0.0]]",1367.03
40469,2,1451085518341,73.0,24.0,"[[-1, -1, 19.29548, 25.29348, 3.18116], [1610612744, 2738, 30.347, 14.48786, 0.0], [1610612744, 101106, 10.2511, 14.57591, 0.0], [1610612744, 201939, 19.82393, 25.1821, 0.0], [1610612744, 202691, 8.97307, 33.64494, 0.0], [1610612744, 203110, 36.24924, 33.63891, 0.0], [1610612739, 2544, 26.61581, 4.67941, 0.0], [1610612739, 201567, 4.78541, 34.1187, 0.0], [1610612739, 202697, 27.78545, 40.74218, 0.0], [1610612739, 203521, 30.13173, 22.34284, 0.0], [1610612739, 202389, 6.93588, 16.41827, 0.0]]",1367.0
41402,2,1451085645739,54.0,4.1,"[[-1, -1, 88.87662, 25.60606, 6.50598], [1610612744, 2738, 91.05036, 42.72787, 0.0], [1610612744, 201939, 85.92315, 21.58452, 0.0], [1610612744, 203105, 89.49095, 26.90349, 0.0], [1610612744, 202691, 72.7388, 41.4982, 0.0], [1610612744, 203110, 89.61869, 23.23561, 0.0], [1610612739, 2590, 62.86145, 40.58123, 0.0], [1610612739, 2544, 86.56053, 47.31939, 0.0], [1610612739, 201567, 66.92283, 13.51205, 0.0], [1610612739, 203521, 86.57624, 21.71813, 0.0], [1610612739, 202389, 85.04787, 25.9, 0.0]]",1386.0
41403,2,1451085645780,54.0,24.0,"[[-1, -1, 89.21133, 25.62639, 6.41744], [1610612744, 2738, 90.98058, 42.70526, 0.0], [1610612744, 201939, 85.94223, 21.55241, 0.0], [1610612744, 203105, 89.62386, 26.86145, 0.0], [1610612744, 202691, 72.53893, 41.54615, 0.0], [1610612744, 203110, 89.82561, 23.44089, 0.0], [1610612739, 2590, 62.64278, 40.5747, 0.0], [1610612739, 2544, 86.10526, 47.26754, 0.0], [1610612739, 201567, 66.68882, 13.50311, 0.0], [1610612739, 203521, 86.45879, 21.72428, 0.0], [1610612739, 202389, 84.72929, 25.81467, 0.0]]",1386.0
41744,2,1451085659420,42.46,12.55,"[[-1, -1, 7.15165, 26.07253, 11.40641], [1610612744, 2738, 14.15725, 3.78119, 0.0], [1610612744, 201939, 37.5982, 15.17933, 0.0], [1610612744, 203105, 2.55752, 26.52829, 0.0], [1610612744, 202691, 9.00841, 25.13956, 0.0], [1610612744, 203110, 14.1066, 24.75311, 0.0], [1610612739, 2590, 9.03058, 16.54785, 0.0], [1610612739, 2544, 19.82331, 32.07332, 0.0], [1610612739, 201567, 14.19386, 26.52293, 0.0], [1610612739, 203521, 28.07494, 16.63967, 0.0], [1610612739, 202389, 4.44827, 27.94998, 0.0]]",1397.54
41745,2,1451085659459,42.42,24.0,"[[-1, -1, 7.36508, 26.05928, 11.2454], [1610612744, 2738, 14.37435, 3.84679, 0.0], [1610612744, 201939, 37.76883, 15.28548, 0.0], [1610612744, 203105, 2.58845, 26.11137, 0.0], [1610612744, 202691, 8.78863, 25.089, 0.0], [1610612744, 203110, 13.94518, 24.95163, 0.0], [1610612739, 2590, 9.04153, 16.72678, 0.0], [1610612739, 2544, 19.72444, 32.17732, 0.0], [1610612739, 201567, 14.11752, 26.53158, 0.0], [1610612739, 203521, 27.99267, 16.75895, 0.0], [1610612739, 202389, 4.3573, 27.82202, 0.0]]",1397.58
43352,3,1451086787286,707.21,11.2,"[[-1, -1, 95.00891, 31.37466, 3.76177], [1610612744, 101106, 85.08558, 23.03659, 0.0], [1610612744, 201575, 79.69428, 42.96272, 0.0], [1610612744, 201939, 94.60795, 32.8104, 0.0], [1610612744, 202691, 65.62622, 44.55366, 0.0], [1610612744, 203110, 93.70402, 39.55651, 0.0], [1610612739, 2544, 94.3617, 44.57434, 0.0], [1610612739, 2747, 64.93808, 39.43691, 0.0], [1610612739, 201567, 91.86852, 24.75368, 0.0], [1610612739, 202681, 83.6933, 19.50454, 0.0], [1610612739, 202389, 88.89929, 28.6038, 0.0]]",1452.79
43353,3,1451086789365,708.0,24.0,"[[-1, -1, 92.71642, 22.04143, 4.03663], [1610612744, 101106, 61.34307, 22.68879, 0.0], [1610612744, 201575, 61.15689, 40.32624, 0.0], [1610612744, 201939, 86.52272, 31.40937, 0.0], [1610612744, 202691, 59.76391, 35.96248, 0.0], [1610612744, 203110, 81.84542, 34.67782, 0.0], [1610612739, 2544, 81.86448, 44.85339, 0.0], [1610612739, 2747, 53.75992, 34.30074, 0.0], [1610612739, 201567, 95.31038, 17.91373, 0.0], [1610612739, 202681, 90.09764, 11.32167, 0.0], [1610612739, 202389, 74.98857, 24.96418, 0.0]]",1452.0
43907,3,1451086811525,690.9,6.11,"[[-1, -1, 5.49826, 23.88084, 5.78392], [1610612744, 101106, 19.54591, 41.84377, 0.0], [1610612744, 201575, 8.19399, 19.39123, 0.0], [1610612744, 201939, 17.10003, 23.70757, 0.0], [1610612744, 202691, 12.95288, 32.50929, 0.0], [1610612744, 203110, 7.43444, 24.52889, 0.0], [1610612739, 2544, 11.50294, 3.13193, 0.0], [1610612739, 2747, 34.17144, 13.22474, 0.0], [1610612739, 201567, 9.02942, 43.1171, 0.0], [1610612739, 202681, 28.0227, 40.7041, 0.0], [1610612739, 202389, 8.77743, 25.54458, 0.0]]",1469.1
43908,3,1451086811565,690.86,24.0,"[[-1, -1, 5.48804, 23.81966, 5.23422], [1610612744, 101106, 19.59094, 42.23335, 0.0], [1610612744, 201575, 8.2892, 19.574, 0.0], [1610612744, 201939, 16.93693, 23.87344, 0.0], [1610612744, 202691, 13.04599, 32.36555, 0.0], [1610612744, 203110, 7.26301, 24.49144, 0.0], [1610612739, 2544, 11.77541, 3.20963, 0.0], [1610612739, 2747, 34.35886, 13.34915, 0.0], [1610612739, 201567, 9.11653, 42.83135, 0.0], [1610612739, 202681, 28.40102, 40.76542, 0.0], [1610612739, 202389, 8.91946, 25.42462, 0.0]]",1469.1399999999999
44178,3,1451086822365,680.06,15.05,"[[-1, -1, 89.41336, 26.37344, 9.61618], [1610612744, 101106, 84.34975, 20.77387, 0.0], [1610612744, 201575, 83.11635, 3.68002, 0.0], [1610612744, 201939, 54.44324, 35.70677, 0.0], [1610612744, 202691, 86.87237, 22.6495, 0.0], [1610612744, 203110, 59.22, 18.47884, 0.0], [1610612739, 2544, 84.35619, 17.98992, 0.0], [1610612739, 2747, 87.14845, 28.36834, 0.0], [1610612739, 201567, 83.74905, 23.81905, 0.0], [1610612739, 202681, 65.83667, 34.35903, 0.0], [1610612739, 202389, 88.46958, 23.60446, 0.0]]",1479.94
44179,3,1451086843885,680.0,24.0,"[[-1, -1, 75.65092, 24.4274, 1.83577], [1610612744, 101106, 83.81991, 15.55706, 0.0], [1610612744, 201575, 62.93938, 29.65981, 0.0], [1610612744, 201939, 60.49924, 19.11887, 0.0], [1610612744, 202691, 74.42709, 24.38139, 0.0], [1610612744, 203110, 84.7307, 33.86556, 0.0], [1610612739, 2544, 67.795, 5.72821, 0.0], [1610612739, 2747, 82.22097, 33.42029, 0.0], [1610612739, 201567, 88.50387, 34.7165, 0.0], [1610612739, 202681, 69.79128, 1.20994, 0.0], [1610612739, 202389, 88.17214, 16.07679, 0.0]]",1480.0
44862,3,1451086880004,664.75,7.94,"[[-1, -1, 6.65087, 23.61633, 10.74498], [1610612744, 101106, 7.29003, 26.15032, 0.0], [1610612744, 201575, 7.55471, 31.60346, 0.0], [1610612744, 201939, 7.74512, 16.14747, 0.0], [1610612744, 202691, 20.50089, 9.59667, 0.0], [1610612744, 203110, 11.04054, 24.1345, 0.0], [1610612739, 2544, 25.4172, 23.18914, 0.0], [1610612739, 2747, 5.3902, 5.87528, 0.0], [1610612739, 201567, 11.07353, 31.94143, 0.0], [1610612739, 202681, 24.50221, 3.59146, 0.0], [1610612739, 202389, 6.71448, 28.87071, 0.0]]",1495.25
44863,3,1451086880045,664.71,24.0,"[[-1, -1, 6.84482, 23.49318, 10.98589], [1610612744, 101106, 7.31181, 26.12409, 0.0], [1610612744, 201575, 7.64485, 31.58884, 0.0], [1610612744, 201939, 7.56973, 16.39441, 0.0], [1610612744, 202691, 20.63219, 9.60626, 0.0], [1610612744, 203110, 10.96644, 24.12665, 0.0], [1610612739, 2544, 25.64747, 23.20897, 0.0], [1610612739, 2747, 5.59112, 6.00362, 0.0], [1610612739, 201567, 10.92493, 31.72155, 0.0], [1610612739, 202681, 24.85245, 3.65029, 0.0], [1610612739, 202389, 6.87326, 29.07496, 0.0]]",1495.29
46283,3,1451086936844,607.98,3.35,"[[-1, -1, 8.50823, 21.11871, 6.14935], [1610612744, 101106, 8.296, 22.66187, 0.0], [1610612744, 201575, 11.97719, 21.41905, 0.0], [1610612744, 201939, 25.54238, 22.17564, 0.0], [1610612744, 202691, 12.37835, 40.2639, 0.0], [1610612744, 203110, 4.25991, 22.50504, 0.0], [1610612739, 2544, 25.21874, 8.83959, 0.0], [1610612739, 2747, 43.68611, 26.18441, 0.0], [1610612739, 201567, 6.65084, 24.50797, 0.0], [1610612739, 202681, 17.30581, 44.93968, 0.0], [1610612739, 202389, 8.60299, 20.57948, 0.0]]",1552.02
46284,3,1451086936883,607.94,24.0,"[[-1, -1, 8.73937, 20.80835, 5.87639], [1610612744, 101106, 8.23992, 22.6267, 0.0], [1610612744, 201575, 12.16906, 21.57158, 0.0], [1610612744, 201939, 25.49045, 22.09559, 0.0], [1610612744, 202691, 12.55766, 40.25794, 0.0], [1610612744, 203110, 4.16459, 22.3012, 0.0], [1610612739, 2544, 25.47545, 8.93747, 0.0], [1610612739, 2747, 43.86292, 26.21362, 0.0], [1610612739, 201567, 6.7861, 24.64445, 0.0], [1610612739, 202681, 17.64359, 44.85709, 0.0], [1610612739, 202389, 8.69419, 20.35996, 0.0]]",1552.06
46838,3,1451086959044,585.8,20.83,"[[-1, -1, 88.18824, 26.13743, 3.80249], [1610612744, 101106, 76.18611, 29.68472, 0.0], [1610612744, 201575, 84.31379, 45.20943, 0.0], [1610612744, 201939, 50.89809, 14.49565, 0.0], [1610612744, 202691, 88.80031, 35.39602, 0.0], [1610612744, 203110, 49.47607, 25.79743, 0.0], [1610612739, 2544, 87.30842, 27.02805, 0.0], [1610612739, 2747, 87.61299, 33.23718, 0.0], [1610612739, 201567, 89.08126, 22.7096, 0.0], [1610612739, 202681, 65.92479, 13.65542, 0.0], [1610612739, 202389, 80.13906, 39.95464, 0.0]]",1574.2
46839,3,1451086959084,585.76,24.0,"[[-1, -1, 88.36258, 26.29866, 4.04491], [1610612744, 101106, 75.8401, 29.64481, 0.0], [1610612744, 201575, 84.01318, 45.09009, 0.0], [1610612744, 201939, 50.75296, 14.45575, 0.0], [1610612744, 202691, 88.50505, 35.41374, 0.0], [1610612744, 203110, 49.33595, 25.82015, 0.0], [1610612739, 2544, 87.2822, 27.07819, 0.0], [1610612739, 2747, 87.51389, 33.26499, 0.0], [1610612739, 201567, 89.19979, 22.72341, 0.0], [1610612739, 202681, 65.76259, 13.61042, 0.0], [1610612739, 202389, 80.09093, 39.88359, 0.0]]",1574.24
47388,3,1451086981043,563.83,6.87,"[[-1, -1, 18.72997, 41.2083, 2.74213], [1610612744, 101106, 5.23921, 27.63346, 0.0], [1610612744, 201575, 9.48213, 29.78252, 0.0], [1610612744, 201939, 19.97931, 42.13402, 0.0], [1610612744, 202691, 13.26882, 15.41206, 0.0], [1610612744, 203110, 10.85193, 22.97357, 0.0], [1610612739, 2544, 5.39264, 33.83722, 0.0], [1610612739, 2747, 38.23578, 35.23968, 0.0], [1610612739, 201567, 37.92031, 17.55439, 0.0], [1610612739, 202681, 6.27989, 3.51052, 0.0], [1610612739, 202389, 16.58229, 20.64391, 0.0]]",1596.17
47389,3,1451086981083,563.79,24.0,"[[-1, -1, 19.17948, 41.08916, 2.71433], [1610612744, 101106, 5.26386, 27.65751, 0.0], [1610612744, 201575, 9.4028, 29.91522, 0.0], [1610612744, 201939, 20.2687, 42.34379, 0.0], [1610612744, 202691, 13.53431, 15.33111, 0.0], [1610612744, 203110, 11.24114, 23.05953, 0.0], [1610612739, 2544, 5.4152, 33.90751, 0.0], [1610612739, 2747, 38.54574, 35.38257, 0.0], [1610612739, 201567, 38.34539, 17.74162, 0.0], [1610612739, 202681, 6.37094, 3.57573, 0.0], [1610612739, 202389, 17.07855, 20.72135, 0.0]]",1596.21
47557,3,1451086987802,557.08,17.1,"[[-1, -1, 91.46034, 25.02227, 4.97817], [1610612744, 101106, 33.86293, 24.84232, 0.0], [1610612744, 201575, 55.5071, 11.57989, 0.0], [1610612744, 201939, 48.54225, 24.25828, 0.0], [1610612744, 202691, 82.10082, 4.25903, 0.0], [1610612744, 203110, 89.25592, 20.67729, 0.0], [1610612739, 2544, 57.06465, 35.32407, 0.0], [1610612739, 2747, 72.25253, 16.40006, 0.0], [1610612739, 201567, 95.41585, 42.3113, 0.0], [1610612739, 202681, 91.39831, 5.75315, 0.0], [1610612739, 202389, 90.68528, 23.89441, 0.0]]",1602.92
47558,3,1451086987843,557.04,24.0,"[[-1, -1, 91.5618, 25.09894, 4.98133], [1610612744, 101106, 33.78751, 24.87679, 0.0], [1610612744, 201575, 55.17621, 11.81308, 0.0], [1610612744, 201939, 48.3409, 24.3065, 0.0], [1610612744, 202691, 81.90568, 4.34299, 0.0], [1610612744, 203110, 89.01534, 20.71749, 0.0], [1610612739, 2544, 57.22427, 35.29346, 0.0], [1610612739, 2747, 72.11402, 16.25769, 0.0], [1610612739, 201567, 95.41821, 42.59629, 0.0], [1610612739, 202681, 91.52123, 5.71747, 0.0], [1610612739, 202389, 90.87417, 23.83649, 0.0]]",1602.96
48268,3,1451087200360,533.66,3.61,"[[-1, -1, 7.85108, 26.87354, 11.76027], [1610612744, 101106, 13.03659, 26.19587, 0.0], [1610612744, 201575, 7.47111, 21.56594, 0.0], [1610612744, 201939, 8.65218, 32.34319, 0.0], [1610612744, 202691, 11.17598, 19.945, 0.0], [1610612744, 203110, 35.52073, 25.08869, 0.0], [1610612739, 2544, 9.25715, 12.61514, 0.0], [1610612739, 2747, 12.07039, 40.28889, 0.0], [1610612739, 201567, 38.47033, 27.27677, 0.0], [1610612739, 202681, 5.86907, 18.37539, 0.0], [1610612739, 202389, 15.65249, 26.44858, 0.0]]",1626.3400000000001
48269,3,1451087200400,533.62,24.0,"[[-1, -1, 8.14116, 27.01523, 11.76196], [1610612744, 101106, 12.73208, 26.10021, 0.0], [1610612744, 201575, 7.43958, 21.76998, 0.0], [1610612744, 201939, 8.93348, 32.36508, 0.0], [1610612744, 202691, 11.21522, 20.11155, 0.0], [1610612744, 203110, 35.74914, 24.92426, 0.0], [1610612739, 2544, 9.47733, 12.81208, 0.0], [1610612739, 2747, 12.47484, 40.26821, 0.0], [1610612739, 201567, 38.84812, 27.24719, 0.0], [1610612739, 202681, 5.89653, 18.51344, 0.0], [1610612739, 202389, 15.45088, 26.39298, 0.0]]",1626.38
48932,3,1451087226920,506.95,0.51,"[[-1, -1, 4.16646, 25.84865, 2.5873], [1610612744, 101106, 9.18262, 29.5571, 0.0], [1610612744, 201575, 11.59717, 23.09164, 0.0], [1610612744, 201939, 17.2284, 23.83698, 0.0], [1610612744, 202691, 10.51512, 34.85502, 0.0], [1610612744, 203110, 44.56888, 19.56889, 0.0], [1610612739, 2544, 44.18612, 17.88222, 0.0], [1610612739, 2747, 31.86083, 37.90214, 0.0], [1610612739, 201567, 10.57927, 27.63033, 0.0], [1610612739, 202681, 15.0649, 36.79449, 0.0], [1610612739, 202389, 13.09086, 29.27907, 0.0]]",1653.05
48933,3,1451087226960,506.91,24.0,"[[-1, -1, 4.1281, 25.92862, 1.84796], [1610612744, 101106, 9.09521, 29.60545, 0.0], [1610612744, 201575, 11.74303, 23.04943, 0.0], [1610612744, 201939, 17.20458, 23.58177, 0.0], [1610612744, 202691, 10.67957, 34.90145, 0.0], [1610612744, 203110, 44.93297, 19.57279, 0.0], [1610612739, 2544, 44.60591, 18.01762, 0.0], [1610612739, 2747, 32.08889, 37.73258, 0.0], [1610612739, 201567, 10.64219, 27.87997, 0.0], [1610612739, 202681, 15.46489, 36.82264, 0.0], [1610612739, 202389, 13.34772, 29.0619, 0.0]]",1653.09
51054,3,1451087325719,426.53,15.2,"[[-1, -1, 89.06182, 24.06031, 10.19769], [1610612744, 101106, 85.88221, 30.12033, 0.0], [1610612744, 201575, 78.99624, 2.67347, 0.0], [1610612744, 201939, 90.1999, 23.37976, 0.0], [1610612744, 202691, 82.22203, 49.04757, 0.0], [1610612744, 203110, 78.00496, 28.95246, 0.0], [1610612739, 2544, 69.73605, 10.88746, 0.0], [1610612739, 2747, 82.46965, 46.589, 0.0], [1610612739, 201567, 86.72839, 28.64995, 0.0], [1610612739, 202681, 82.60383, 9.21803, 0.0], [1610612739, 202389, 87.04241, 22.67868, 0.0]]",1733.47
51536,3,1451087376557,414.78,24.0,"[[-1, -1, 6.17812, 24.82652, 3.81379], [1610612744, 101106, 6.67345, 18.70778, 0.0], [1610612744, 201575, 8.76156, 27.60824, 0.0], [1610612744, 201939, 7.05936, 33.5632, 0.0], [1610612744, 202691, 25.66029, 19.85225, 0.0], [1610612744, 203110, 12.1655, 15.18065, 0.0], [1610612739, 2544, 12.27278, 24.09901, 0.0], [1610612739, 2747, 24.95828, 43.26417, 0.0], [1610612739, 201567, 35.11537, 10.7961, 0.0], [1610612739, 202681, 44.16784, 22.35675, 0.0], [1610612739, 202684, 9.87842, 29.32086, 0.0]]",1745.22
52331,3,1451087408358,382.69,7.15,"[[-1, -1, 3.78019, 25.73149, 3.93267], [1610612744, 101106, 10.73493, 20.17006, 0.0], [1610612744, 201575, 28.22994, 26.61001, 0.0], [1610612744, 201939, 25.39179, 6.47052, 0.0], [1610612744, 202691, 6.15852, 26.17541, 0.0], [1610612744, 203110, 4.67885, 27.62303, 0.0], [1610612739, 2544, 37.54307, 18.8714, 0.0], [1610612739, 2747, 33.83359, 4.13877, 0.0], [1610612739, 201567, 9.30754, 30.49446, 0.0], [1610612739, 202681, 4.86014, 4.65383, 0.0], [1610612739, 202684, 14.2378, 25.39081, 0.0]]",1777.31
52332,3,1451087408397,382.65,24.0,"[[-1, -1, 3.73241, 25.73636, 3.86366], [1610612744, 101106, 10.97397, 20.08407, 0.0], [1610612744, 201575, 28.20457, 26.78339, 0.0], [1610612744, 201939, 25.44813, 6.47152, 0.0], [1610612744, 202691, 6.13048, 25.92892, 0.0], [1610612744, 203110, 4.40369, 27.63303, 0.0], [1610612739, 2544, 37.68254, 18.91761, 0.0], [1610612739, 2747, 34.26636, 4.16188, 0.0], [1610612739, 201567, 9.39819, 30.32622, 0.0], [1610612739, 202681, 4.8173, 4.84031, 0.0], [1610612739, 202684, 14.46244, 25.65011, 0.0]]",1777.35
54220,3,1451087521757,320.0,2.7,"[[-1, -1, 1.14037, 50.89748, 3.78373], [1610612744, 2738, 32.07709, 19.81745, 0.0], [1610612744, 101106, 15.57603, 21.08924, 0.0], [1610612744, 201939, 2.26566, 51.25514, 0.0], [1610612744, 202691, 20.54938, 13.48819, 0.0], [1610612744, 203110, 18.5875, 37.72931, 0.0], [1610612739, 2747, 36.62697, 32.39133, 0.0], [1610612739, 201567, 23.76379, 42.82083, 0.0], [1610612739, 202697, 39.49432, 16.3095, 0.0], [1610612739, 203521, 25.27042, 13.67335, 0.0], [1610612739, 202684, 20.13784, 20.88545, 0.0]]",1840.0
54221,3,1451087521796,320.0,24.0,"[[-1, -1, 1.25415, 50.89028, 3.81048], [1610612744, 2738, 32.32233, 19.73938, 0.0], [1610612744, 101106, 15.95123, 21.02244, 0.0], [1610612744, 201939, 2.29293, 51.39363, 0.0], [1610612744, 202691, 20.75606, 13.42526, 0.0], [1610612744, 203110, 18.45135, 37.94526, 0.0], [1610612739, 2747, 36.88084, 32.45916, 0.0], [1610612739, 201567, 23.95452, 42.78738, 0.0], [1610612739, 202697, 39.71002, 16.32096, 0.0], [1610612739, 203521, 25.49687, 13.96892, 0.0], [1610612739, 202684, 20.49988, 20.92569, 0.0]]",1840.0
54578,3,1451087536076,307.73,10.77,"[[-1, -1, 89.73836, 23.35683, 6.48384], [1610612744, 2738, 77.68882, 38.27954, 0.0], [1610612744, 101106, 89.21254, 23.42191, 0.0], [1610612744, 201939, 89.24485, 39.19145, 0.0], [1610612744, 202691, 73.2874, 11.47925, 0.0], [1610612744, 203110, 55.0305, 26.18122, 0.0], [1610612739, 2747, 91.66023, 26.38782, 0.0], [1610612739, 201567, 74.32022, 23.16252, 0.0], [1610612739, 202697, 84.67586, 18.21236, 0.0], [1610612739, 203521, 89.24131, 30.05149, 0.0], [1610612739, 202684, 84.6933, 26.58943, 0.0]]",1852.27
54579,3,1451087536117,307.69,24.0,"[[-1, -1, 91.4308, 24.13531, 4.75085], [1610612744, 2738, 77.52083, 38.18475, 0.0], [1610612744, 101106, 89.26081, 23.382, 0.0], [1610612744, 201939, 89.05044, 39.49743, 0.0], [1610612744, 202691, 72.98633, 11.51744, 0.0], [1610612744, 203110, 54.77742, 26.15625, 0.0], [1610612739, 2747, 91.73739, 26.41676, 0.0], [1610612739, 201567, 74.40104, 23.13378, 0.0], [1610612739, 202697, 84.72912, 18.24121, 0.0], [1610612739, 203521, 89.3358, 30.09013, 0.0], [1610612739, 202684, 84.75507, 26.26162, 0.0]]",1852.31
56857,3,1451087627235,216.46,6.75,"[[-1, -1, 92.50871, 15.38853, 0.51426], [1610612744, 2738, 71.36972, 9.20346, 0.0], [1610612744, 101106, 79.86309, 20.35953, 0.0], [1610612744, 201939, 38.80139, 25.18857, 0.0], [1610612744, 202691, 64.94519, 37.9159, 0.0], [1610612744, 203110, 89.97704, 27.57621, 0.0], [1610612739, 2747, 53.98187, 22.72833, 0.0], [1610612739, 201567, 78.28752, 24.27652, 0.0], [1610612739, 202697, 80.2633, 11.84188, 0.0], [1610612739, 203521, 89.97704, 27.57621, 0.0], [1610612739, 202684, 93.35621, 21.8414, 0.0]]",1943.54
56858,3,1451087627275,216.42,24.0,"[[-1, -1, 92.56767, 15.18497, 0.73051], [1610612744, 2738, 71.19093, 9.29832, 0.0], [1610612744, 101106, 79.40385, 20.20648, 0.0], [1610612744, 201939, 38.69845, 25.15726, 0.0], [1610612744, 202691, 64.76481, 37.78402, 0.0], [1610612744, 203110, 90.01035, 27.53306, 0.0], [1610612739, 2747, 53.77716, 22.83074, 0.0], [1610612739, 201567, 78.04286, 24.27662, 0.0], [1610612739, 202697, 80.04893, 11.79218, 0.0], [1610612739, 203521, 90.10632, 27.50046, 0.0], [1610612739, 202684, 93.16221, 22.08561, 0.0]]",1943.58
58054,3,1451087675115,168.53,6.74,"[[-1, -1, 5.59307, 23.18267, 11.15469], [1610612744, 2738, 7.97631, 19.67424, 0.0], [1610612744, 101106, 5.84822, 28.63569, 0.0], [1610612744, 201939, 20.38348, 22.55191, 0.0], [1610612744, 202691, -0.03878, 20.54177, 0.0], [1610612744, 203110, 7.4144, 25.60233, 0.0], [1610612739, 2747, 2.26664, 25.52262, 0.0], [1610612739, 201567, 2.47554, 27.69788, 0.0], [1610612739, 202697, 5.52905, 47.32526, 0.0], [1610612739, 203521, 35.06127, 27.29072, 0.0], [1610612739, 202684, 8.12724, 22.68263, 0.0]]",1991.47
58055,3,1451087675155,168.49,24.0,"[[-1, -1, 5.60445, 22.77203, 10.87058], [1610612744, 2738, 8.04212, 19.45276, 0.0], [1610612744, 101106, 5.8003, 28.64588, 0.0], [1610612744, 201939, 20.33588, 22.52539, 0.0], [1610612744, 202691, -0.20286, 20.67504, 0.0], [1610612744, 203110, 7.45549, 25.45798, 0.0], [1610612739, 2747, 2.14462, 26.02176, 0.0], [1610612739, 201567, 2.29577, 27.71428, 0.0], [1610612739, 202697, 5.62743, 47.27245, 0.0], [1610612739, 203521, 35.15777, 27.14891, 0.0], [1610612739, 202684, 7.83853, 22.52289, 0.0]]",1991.51
58616,3,1451087873792,150.89,7.23,"[[-1, -1, 87.71917, 21.67168, 5.76323], [1610612744, 2738, 81.86023, 46.39854, 0.0], [1610612744, 2733, 79.58263, 28.05112, 0.0], [1610612744, 201939, 72.09149, 35.90107, 0.0], [1610612744, 203105, 86.19625, 21.29876, 0.0], [1610612744, 203110, 87.22925, 29.55028, 0.0], [1610612739, 2544, 86.84577, 31.20942, 0.0], [1610612739, 2747, 70.18506, 29.05091, 0.0], [1610612739, 202697, 85.50143, 22.49455, 0.0], [1610612739, 203521, 80.66853, 26.83945, 0.0], [1610612739, 202684, 85.42105, 26.20779, 0.0]]",2009.1100000000001
58934,3,1451087924592,151.0,24.0,"[[-1, -1, 75.52401, 33.90479, 3.37947], [1610612744, 2738, 35.26687, 31.91266, 0.0], [1610612744, 2733, 40.46075, 22.23921, 0.0], [1610612744, 201939, 52.77498, 24.7515, 0.0], [1610612744, 203105, 38.00464, 23.3374, 0.0], [1610612744, 203110, 35.62261, 19.31158, 0.0], [1610612739, 2544, 43.6219, 45.16028, 0.0], [1610612739, 2747, 52.23514, 26.91336, 0.0], [1610612739, 202697, 74.29945, 20.0732, 0.0], [1610612739, 203521, 76.79088, 34.49542, 0.0], [1610612739, 202684, 50.14341, 15.82521, 0.0]]",2009.0
59487,3,1451087946711,129.07,1.86,"[[-1, -1, 6.88297, 35.17994, 6.53433], [1610612744, 2738, 9.32, 43.76332, 0.0], [1610612744, 2733, 17.22509, 21.37401, 0.0], [1610612744, 201939, 8.19171, 32.2387, 0.0], [1610612744, 203105, 6.32827, 26.26413, 0.0], [1610612744, 203110, 6.94316, 20.24188, 0.0], [1610612739, 2544, 10.53424, 47.99285, 0.0], [1610612739, 2747, 34.7313, 14.15439, 0.0], [1610612739, 202697, 5.07179, 2.60448, 0.0], [1610612739, 203521, 7.30443, 35.1023, 0.0], [1610612739, 202684, 8.04333, 23.92702, 0.0]]",2030.93
59488,3,1451087970670,129.0,24.0,"[[-1, -1, 18.2233, 23.9148, 3.46624], [1610612744, 2738, 12.74005, 33.54098, 0.0], [1610612744, 2733, 29.61874, 27.03888, 0.0], [1610612744, 201939, 24.71676, 41.77857, 0.0], [1610612744, 203105, 6.04995, 33.70244, 0.0], [1610612744, 203110, 5.52492, 16.18802, 0.0], [1610612739, 2544, 50.18802, 37.9722, 0.0], [1610612739, 2747, 50.3782, 16.25379, 0.0], [1610612739, 202697, 10.21518, 16.05287, 0.0], [1610612739, 203521, 19.03726, 25.00413, 0.0], [1610612739, 202684, 10.16643, 33.83069, 0.0]]",2031.0
60191,3,1451088005029,111.31,4.96,"[[-1, -1, 88.75534, 25.62155, 3.66721], [1610612744, 2738, 82.33243, 37.05327, 0.0], [1610612744, 2733, 96.44102, 14.48752, 0.0], [1610612744, 201939, 67.72834, 43.06016, 0.0], [1610612744, 203105, 85.07545, 29.43065, 0.0], [1610612744, 203110, 52.40382, 22.77679, 0.0], [1610612739, 2544, 91.99927, 17.91264, 0.0], [1610612739, 2747, 89.08141, 27.98586, 0.0], [1610612739, 202697, 77.96557, 23.28767, 0.0], [1610612739, 203521, 83.12191, 33.15805, 0.0], [1610612739, 202684, 86.45302, 26.88066, 0.0]]",2048.69
60639,3,1451088022949,93.76,24.0,"[[-1, -1, 6.66043, 23.77355, 12.90072], [1610612744, 2738, 12.06809, 19.88876, 0.0], [1610612744, 2733, 5.26806, 30.88332, 0.0], [1610612744, 201939, 9.37015, 34.34078, 0.0], [1610612744, 203105, 7.12593, 24.96136, 0.0], [1610612744, 203110, 10.4162, -0.14665, 0.0], [1610612739, 2544, 38.59741, 21.15675, 0.0], [1610612739, 2747, 32.56556, 39.13326, 0.0], [1610612739, 202697, 10.47948, 0.4204, 0.0], [1610612739, 203521, 12.29161, 30.9674, 0.0], [1610612739, 202684, 5.93177, 27.38778, 0.0]]",2066.24
61336,3,1451088050830,66.45,10.2,"[[-1, -1, 6.29888, 26.43213, 10.27315], [1610612744, 2738, 7.68973, 27.76279, 0.0], [1610612744, 2733, 10.83986, 13.79751, 0.0], [1610612744, 201939, 19.91407, 27.43901, 0.0], [1610612744, 203105, 5.40918, 22.92375, 0.0], [1610612744, 203110, 7.68973, 27.76279, 0.0], [1610612739, 2544, 6.257, 22.4741, 0.0], [1610612739, 2747, 15.08889, 3.10458, 0.0], [1610612739, 202697, 23.1385, 41.8487, 0.0], [1610612739, 203521, 40.73506, 23.39882, 0.0], [1610612739, 202684, 3.98741, 24.94691, 0.0]]",2093.55
61337,3,1451088050869,66.41,24.0,"[[-1, -1, 6.34872, 26.63075, 9.89663], [1610612744, 2738, 7.6454, 27.73999, 0.0], [1610612744, 2733, 10.67104, 13.90157, 0.0], [1610612744, 201939, 19.66909, 27.60152, 0.0], [1610612744, 203105, 5.04521, 23.05543, 0.0], [1610612744, 203110, 7.6454, 27.73999, 0.0], [1610612739, 2544, 6.32878, 22.45228, 0.0], [1610612739, 2747, 15.21135, 3.20745, 0.0], [1610612739, 202697, 23.16089, 41.78398, 0.0], [1610612739, 203521, 40.86061, 23.3961, 0.0], [1610612739, 202684, 3.87374, 24.75044, 0.0]]",2093.59
61759,3,1451088083428,54.96,13.65,"[[-1, -1, 17.82063, 28.05063, 3.94085], [1610612744, 2738, 14.52193, 33.44344, 0.0], [1610612744, 2733, 6.97292, 28.36865, 0.0], [1610612744, 201939, 16.0392, 13.73152, 0.0], [1610612744, 203105, 5.752, 22.44412, 0.0], [1610612744, 203110, 17.38689, 26.98717, 0.0], [1610612739, 2544, 30.64172, 31.71796, 0.0], [1610612739, 2747, 10.01925, 26.46439, 0.0], [1610612739, 202697, 30.78544, 17.96473, 0.0], [1610612739, 203521, 19.549, 7.52939, 0.0], [1610612739, 202684, 7.204, 18.33146, 0.0]]",2105.04
63240,4,1451088390184,720.0,24.0,"[[-1, -1, 95.91175, 5.91728, 3.62736], [1610612744, 2738, 27.14709, 18.97691, 0.0], [1610612744, 2733, 13.80181, 32.52202, 0.0], [1610612744, 201575, 35.68479, 16.89583, 0.0], [1610612744, 203105, 17.15404, 22.82897, 0.0], [1610612744, 203546, 21.7254, 33.20767, 0.0], [1610612739, 2544, 79.57937, 8.57527, 0.0], [1610612739, 2747, 4.76608, 49.66885, 0.0], [1610612739, 202697, 83.18264, 11.13043, 0.0], [1610612739, 203521, 25.50767, 38.32387, 0.0], [1610612739, 202684, 19.91028, 18.5779, 0.0]]",2160.0
63878,4,1451088415704,699.29,3.43,"[[-1, -1, 4.36238, 23.77149, 5.29274], [1610612744, 2738, 20.20661, 29.04514, 0.0], [1610612744, 2733, 9.26526, 35.22745, 0.0], [1610612744, 201575, 8.68167, 20.96459, 0.0], [1610612744, 203105, 7.03615, 24.64422, 0.0], [1610612744, 203546, 8.37754, 29.10489, 0.0], [1610612739, 2544, 6.17079, 42.40121, 0.0], [1610612739, 2747, 34.23686, 35.55163, 0.0], [1610612739, 202697, 7.77921, 4.47155, 0.0], [1610612739, 203521, 21.34279, 41.62391, 0.0], [1610612739, 202684, 5.89023, 22.12732, 0.0]]",2180.71
63879,4,1451088415745,699.25,24.0,"[[-1, -1, 4.28769, 23.6106, 4.57214], [1610612744, 2738, 20.18085, 28.9674, 0.0], [1610612744, 2733, 9.16756, 35.1035, 0.0], [1610612744, 201575, 8.70462, 20.90398, 0.0], [1610612744, 203105, 6.91931, 24.72606, 0.0], [1610612744, 203546, 8.26951, 29.14266, 0.0], [1610612739, 2544, 6.14417, 42.74925, 0.0], [1610612739, 2747, 34.45624, 35.46749, 0.0], [1610612739, 202697, 8.0002, 4.60954, 0.0], [1610612739, 203521, 21.61452, 41.31825, 0.0], [1610612739, 202684, 5.87265, 22.25068, 0.0]]",2180.75
64310,4,1451088432984,681.88,9.26,"[[-1, -1, 88.23661, 22.86774, 5.03062], [1610612744, 2738, 83.20584, 45.20724, 0.0], [1610612744, 2733, 80.3657, 7.79879, 0.0], [1610612744, 201575, 67.73243, 39.14896, 0.0], [1610612744, 203105, 86.45772, 28.00065, 0.0], [1610612744, 203546, 61.28797, 32.48682, 0.0], [1610612739, 2544, 88.67121, 30.15095, 0.0], [1610612739, 2747, 84.02633, 11.35431, 0.0], [1610612739, 202697, 80.29732, 30.94109, 0.0], [1610612739, 203521, 76.13004, 26.44444, 0.0], [1610612739, 202684, 87.54717, 23.12927, 0.0]]",2198.12
64311,4,1451088433024,681.84,24.0,"[[-1, -1, 88.34781, 22.33914, 4.24072], [1610612744, 2738, 82.96698, 45.03481, 0.0], [1610612744, 2733, 79.98356, 7.68345, 0.0], [1610612744, 201575, 67.58852, 39.00589, 0.0], [1610612744, 203105, 86.61665, 27.90903, 0.0], [1610612744, 203546, 61.14912, 32.32277, 0.0], [1610612739, 2544, 88.68867, 30.03979, 0.0], [1610612739, 2747, 83.93493, 11.17698, 0.0], [1610612739, 202697, 80.29766, 30.97972, 0.0], [1610612739, 203521, 76.23731, 26.34572, 0.0], [1610612739, 202684, 87.72605, 23.04932, 0.0]]",2198.16
64756,4,1451088450824,663.9,8.42,"[[-1, -1, 5.66655, 23.34485, 7.97933], [1610612744, 2738, 5.94267, 20.9882, 0.0], [1610612744, 2733, 5.2625, 21.16062, 0.0], [1610612744, 201575, 9.27757, 32.66388, 0.0], [1610612744, 203105, 6.23255, 24.02275, 0.0], [1610612744, 203546, 14.28119, 15.44043, 0.0], [1610612739, 2544, 2.97796, 31.53097, 0.0], [1610612739, 2747, 18.77229, 4.59683, 0.0], [1610612739, 202697, 31.20859, 37.46543, 0.0], [1610612739, 203521, 26.32155, 7.81224, 0.0], [1610612739, 202684, 4.92568, 23.70905, 0.0]]",2216.1
64757,4,1451088560302,664.0,24.0,"[[-1, -1, 18.20262, 25.18746, 0.8463], [1610612744, 2738, 28.77909, 33.18941, 0.0], [1610612744, 2733, 29.16652, 18.84321, 0.0], [1610612744, 201575, 5.61987, 33.71946, 0.0], [1610612744, 203105, 13.27911, 16.18135, 0.0], [1610612744, 203546, 5.81215, 16.29071, 0.0], [1610612739, 2544, 28.76543, 4.44801, 0.0], [1610612739, 2747, 9.15303, 16.49233, 0.0], [1610612739, 202697, 10.21609, 34.23619, 0.0], [1610612739, 203521, 31.21076, 25.44066, 0.0], [1610612739, 202684, 19.86043, 25.50115, 0.0]]",2216.0
67803,4,1451088746740,561.0,15.06,"[[-1, -1, 6.59921, 24.66327, 10.57002], [1610612744, 2738, 5.27854, 16.47192, 0.0], [1610612744, 2733, 4.02617, 32.81769, 0.0], [1610612744, 203105, 5.96166, 25.6108, 0.0], [1610612744, 203546, 12.11338, 38.4908, 0.0], [1610612744, 203949, 7.20878, 22.5382, 0.0], [1610612739, 201567, 25.152, 10.79747, 0.0], [1610612739, 202697, 10.34535, 11.29502, 0.0], [1610612739, 203521, 16.7308, 44.49923, 0.0], [1610612739, 202681, -2.02948, 30.5784, 0.0], [1610612739, 202684, 8.15979, 24.87453, 0.0]]",2319.0
67804,4,1451088746780,560.96,24.0,"[[-1, -1, 6.80725, 24.70238, 10.4097], [1610612744, 2738, 5.21678, 16.45125, 0.0], [1610612744, 2733, 4.00951, 32.86603, 0.0], [1610612744, 203105, 5.73353, 25.70012, 0.0], [1610612744, 203546, 12.41644, 38.4297, 0.0], [1610612744, 203949, 7.07852, 22.59351, 0.0], [1610612739, 201567, 25.20085, 10.81577, 0.0], [1610612739, 202697, 10.6131, 11.32984, 0.0], [1610612739, 203521, 17.08959, 44.26196, 0.0], [1610612739, 202681, -2.26198, 30.58554, 0.0], [1610612739, 202684, 8.19812, 24.9047, 0.0]]",2319.04
68837,4,1451088823499,525.85,0.04,"[[-1, -1, 7.7094, 25.60333, 3.20451], [1610612744, 2733, 9.11061, 22.71114, 0.0], [1610612744, 203105, 5.51841, 28.55741, 0.0], [1610612744, 202691, 27.06288, 37.0156, 0.0], [1610612744, 203546, 20.8704, 20.9997, 0.0], [1610612744, 203949, 8.22435, 26.00371, 0.0], [1610612739, 201567, 12.00213, 29.45802, 0.0], [1610612739, 202697, 38.35388, 35.57503, 0.0], [1610612739, 203521, 25.75748, 20.13508, 0.0], [1610612739, 202681, 15.45942, 8.52558, 0.0], [1610612739, 202684, 8.19581, 29.20749, 0.0]]",2354.15
68838,4,1451088823539,525.81,24.0,"[[-1, -1, 7.70752, 25.57536, 3.18321], [1610612744, 2733, 9.06338, 22.60379, 0.0], [1610612744, 203105, 5.58647, 28.68379, 0.0], [1610612744, 202691, 27.16151, 37.20986, 0.0], [1610612744, 203546, 21.17823, 20.88176, 0.0], [1610612744, 203949, 8.20082, 25.95784, 0.0], [1610612739, 201567, 12.26875, 29.17779, 0.0], [1610612739, 202697, 38.63209, 35.6604, 0.0], [1610612739, 203521, 26.06327, 20.10498, 0.0], [1610612739, 202681, 15.61959, 8.6455, 0.0], [1610612739, 202684, 8.42414, 29.29916, 0.0]]",2354.19
69469,4,1451089027137,503.8,3.87,"[[-1, -1, 89.06094, 21.69894, 8.58377], [1610612744, 2733, 79.88734, 9.61759, 0.0], [1610612744, 203105, 89.20202, 25.62869, 0.0], [1610612744, 202691, 90.64874, 21.70586, 0.0], [1610612744, 203546, 52.84861, 20.30355, 0.0], [1610612744, 203949, 88.08625, 20.50138, 0.0], [1610612739, 201567, 87.67387, 21.10188, 0.0], [1610612739, 202697, 85.26491, 17.70855, 0.0], [1610612739, 203521, 83.15168, 21.77643, 0.0], [1610612739, 202681, 68.0106, 27.0793, 0.0], [1610612739, 202684, 87.44895, 25.37877, 0.0]]",2376.2
69741,4,1451089089535,497.16,24.0,"[[-1, -1, 86.6516, 26.1692, 10.3053], [1610612744, 2733, 52.72834, 21.36347, 0.0], [1610612744, 203105, 88.27353, 23.04474, 0.0], [1610612744, 202691, 60.09746, 23.05378, 0.0], [1610612744, 203546, 69.10179, 42.02751, 0.0], [1610612744, 203949, 87.77995, 27.51919, 0.0], [1610612739, 201567, 86.24144, 27.47568, 0.0], [1610612739, 202697, 80.20101, 17.35747, 0.0], [1610612739, 203521, 78.57994, 21.78728, 0.0], [1610612739, 202681, 80.18534, 36.19487, 0.0], [1610612739, 202684, 86.94883, 22.29004, 0.0]]",2382.84
70368,4,1451089114615,472.12,14.92,"[[-1, -1, 88.19678, 27.77382, 3.0601], [1610612744, 2733, 65.22715, 16.72041, 0.0], [1610612744, 203105, 85.52427, 22.5516, 0.0], [1610612744, 202691, 69.41525, 5.67128, 0.0], [1610612744, 203546, 63.99342, 37.71121, 0.0], [1610612744, 203949, 80.7309, 24.00135, 0.0], [1610612739, 201567, 76.24645, 18.85136, 0.0], [1610612739, 202697, 86.5191, 29.1828, 0.0], [1610612739, 203521, 80.14355, 24.15883, 0.0], [1610612739, 202681, 75.88433, 9.15578, 0.0], [1610612739, 202684, 85.64749, 23.71393, 0.0]]",2407.88
70369,4,1451089114656,472.08,24.0,"[[-1, -1, 88.23218, 27.81125, 2.95045], [1610612744, 2733, 64.79327, 16.75923, 0.0], [1610612744, 203105, 85.61117, 22.48882, 0.0], [1610612744, 202691, 69.26774, 5.7602, 0.0], [1610612744, 203546, 63.84087, 37.60068, 0.0], [1610612744, 203949, 80.30099, 23.94702, 0.0], [1610612739, 201567, 76.13054, 18.87985, 0.0], [1610612739, 202697, 86.67475, 29.17733, 0.0], [1610612739, 203521, 79.98147, 24.07208, 0.0], [1610612739, 202681, 75.83866, 9.10079, 0.0], [1610612739, 202684, 85.72327, 23.69986, 0.0]]",2407.92
71497,4,1451089159775,427.03,13.73,"[[-1, -1, 78.93325, 12.44544, 6.71783], [1610612744, 2733, 67.0527, 38.74786, 0.0], [1610612744, 203105, 78.81722, 33.99521, 0.0], [1610612744, 202691, 79.62855, 11.94658, 0.0], [1610612744, 203546, 60.70854, 14.53583, 0.0], [1610612744, 203949, 84.37445, 33.7055, 0.0], [1610612739, 201567, 87.68516, 24.83605, 0.0], [1610612739, 202697, 74.9707, 32.76151, 0.0], [1610612739, 203521, 79.28793, 10.13059, 0.0], [1610612739, 202681, 68.29091, 18.11244, 0.0], [1610612739, 202684, 83.51136, 32.13463, 0.0]]",2452.9700000000003
71498,4,1451089191935,427.0,24.0,"[[-1, -1, 75.81437, 24.65169, 1.37139], [1610612744, 2733, 55.33891, 27.48442, 0.0], [1610612744, 203105, 84.25111, 34.5646, 0.0], [1610612744, 202691, 74.46572, 24.44662, 0.0], [1610612744, 203546, 64.86198, 19.03438, 0.0], [1610612744, 203949, 84.67637, 16.0532, 0.0], [1610612739, 201567, 88.16384, 16.14786, 0.0], [1610612739, 202697, 81.74778, 33.91808, 0.0], [1610612739, 203521, 68.74259, 6.88935, 0.0], [1610612739, 202681, 61.76934, 22.27327, 0.0], [1610612739, 202684, 86.98796, 33.84754, 0.0]]",2453.0
73350,4,1451089308773,369.22,18.02,"[[-1, -1, 95.61956, 42.46193, 0.38666], [1610612744, 2738, 89.59616, 23.20173, 0.0], [1610612744, 2733, 56.27123, 27.89726, 0.0], [1610612744, 201939, 67.53593, 10.91118, 0.0], [1610612744, 202691, 59.90918, 30.58694, 0.0], [1610612744, 203110, 92.51805, 12.04076, 0.0], [1610612739, 2544, 85.70361, 26.7092, 0.0], [1610612739, 201567, 85.54405, 26.11575, 0.0], [1610612739, 202697, 92.22428, 35.58074, 0.0], [1610612739, 203521, 81.43825, 14.4975, 0.0], [1610612739, 202681, 70.35572, 17.37543, 0.0]]",2510.7799999999997
73666,4,1451089353733,370.0,24.0,"[[-1, -1, 76.60026, 41.0154, 2.33864], [1610612744, 2738, 47.15466, 30.07552, 0.0], [1610612744, 2733, 56.29698, 30.84533, 0.0], [1610612744, 201939, 44.77437, 15.12522, 0.0], [1610612744, 202691, 53.0287, 35.61949, 0.0], [1610612744, 203110, 42.7685, 30.76671, 0.0], [1610612739, 2544, 51.32635, 31.95006, 0.0], [1610612739, 201567, 87.02903, 22.96495, 0.0], [1610612739, 202697, 61.04406, 30.47191, 0.0], [1610612739, 203521, 43.09277, 20.71758, 0.0], [1610612739, 202681, 76.8716, 43.12953, 0.0]]",2510.0
74009,4,1451089367452,356.43,10.28,"[[-1, -1, 6.99876, 19.86286, 1.73756], [1610612744, 2738, 16.01763, 31.98809, 0.0], [1610612744, 2733, 9.6202, 25.06334, 0.0], [1610612744, 201939, 6.63801, 34.12414, 0.0], [1610612744, 202691, 7.00711, 19.50379, 0.0], [1610612744, 203110, 5.23596, 23.7482, 0.0], [1610612739, 2544, 29.693, 40.41436, 0.0], [1610612739, 201567, 5.28862, 21.95609, 0.0], [1610612739, 202697, 29.09448, 15.41731, 0.0], [1610612739, 203521, 15.74198, 8.34049, 0.0], [1610612739, 202681, 2.66232, 45.42519, 0.0]]",2523.57
74010,4,1451089367492,356.4,24.0,"[[-1, -1, 7.03206, 19.56088, 1.7398], [1610612744, 2738, 16.10331, 31.93917, 0.0], [1610612744, 2733, 9.65676, 25.07285, 0.0], [1610612744, 201939, 6.63414, 34.12236, 0.0], [1610612744, 202691, 7.11947, 19.37235, 0.0], [1610612744, 203110, 5.19504, 23.68248, 0.0], [1610612739, 2544, 29.87495, 40.37527, 0.0], [1610612739, 201567, 5.31432, 21.95903, 0.0], [1610612739, 202697, 29.24642, 15.58897, 0.0], [1610612739, 203521, 16.06078, 8.62733, 0.0], [1610612739, 202681, 2.91395, 45.63587, 0.0]]",2523.6
74743,4,1451089396812,327.41,10.93,"[[-1, -1, 13.8324, 36.01793, 2.84183], [1610612744, 2738, 15.92266, 36.42566, 0.0], [1610612744, 2733, 7.66789, 22.86285, 0.0], [1610612744, 201939, 13.20171, 20.40533, 0.0], [1610612744, 202691, 15.60646, 32.09451, 0.0], [1610612744, 203110, 8.63987, 24.04272, 0.0], [1610612739, 2544, 38.40976, 30.23774, 0.0], [1610612739, 201567, 8.19993, 23.52259, 0.0], [1610612739, 202697, 23.72705, 34.54231, 0.0], [1610612739, 203521, 16.62223, 45.54299, 0.0], [1610612739, 202681, 29.04796, 11.58557, 0.0]]",2552.59
74744,4,1451089396852,327.37,24.0,"[[-1, -1, 13.43287, 36.13286, 2.54387], [1610612744, 2738, 15.64116, 36.84322, 0.0], [1610612744, 2733, 7.58496, 23.01279, 0.0], [1610612744, 201939, 13.25129, 20.451, 0.0], [1610612744, 202691, 15.96349, 32.19048, 0.0], [1610612744, 203110, 8.64412, 23.99529, 0.0], [1610612739, 2544, 38.7104, 30.25147, 0.0], [1610612739, 201567, 8.32454, 23.61243, 0.0], [1610612739, 202697, 24.08792, 34.33459, 0.0], [1610612739, 203521, 17.14003, 45.40341, 0.0], [1610612739, 202681, 29.25943, 11.67561, 0.0]]",2552.63
74909,4,1451089403451,320.84,17.25,"[[-1, -1, 87.51457, 25.33236, 5.23655], [1610612744, 2738, 69.16185, 30.65728, 0.0], [1610612744, 2733, 89.3982, 26.94201, 0.0], [1610612744, 201939, 57.08439, 19.66468, 0.0], [1610612744, 202691, 79.80281, 47.75168, 0.0], [1610612744, 203110, 86.17845, 30.65063, 0.0], [1610612739, 2544, 87.89998, 31.81598, 0.0], [1610612739, 201567, 87.98006, 22.76573, 0.0], [1610612739, 202697, 86.54528, 26.14973, 0.0], [1610612739, 203521, 81.03037, 19.25087, 0.0], [1610612739, 202681, 98.4076, 29.83872, 0.0]]",2559.16
74910,4,1451089403492,320.8,24.0,"[[-1, -1, 88.98704, 24.85472, 4.61438], [1610612744, 2738, 69.01683, 30.56245, 0.0], [1610612744, 2733, 89.31933, 27.04863, 0.0], [1610612744, 201939, 56.99121, 19.71397, 0.0], [1610612744, 202691, 79.63548, 47.65909, 0.0], [1610612744, 203110, 85.9477, 30.66054, 0.0], [1610612739, 2544, 87.90695, 31.88902, 0.0], [1610612739, 201567, 88.26334, 22.78875, 0.0], [1610612739, 202697, 86.46756, 26.02296, 0.0], [1610612739, 203521, 81.1104, 19.31483, 0.0], [1610612739, 202681, 98.52377, 29.86761, 0.0]]",2559.2
75509,4,1451089427452,297.11,3.58,"[[-1, -1, 4.87126, 23.81004, 5.0693], [1610612744, 2738, 19.67228, 29.39916, 0.0], [1610612744, 2733, 12.83195, 33.481, 0.0], [1610612744, 201939, 6.70243, 25.46156, 0.0], [1610612744, 202691, 10.5537, 28.32468, 0.0], [1610612744, 203110, -0.77784, 31.07597, 0.0], [1610612739, 2544, 10.88613, 23.25066, 0.0], [1610612739, 201567, 6.45347, 23.39494, 0.0], [1610612739, 202697, 24.20234, 41.25995, 0.0], [1610612739, 203521, 20.35062, 8.50334, 0.0], [1610612739, 202681, 1.16049, 37.40906, 0.0]]",2582.89
75510,4,1451089427492,297.08,24.0,"[[-1, -1, 4.66068, 24.53811, 4.93004], [1610612744, 2738, 19.82484, 29.47973, 0.0], [1610612744, 2733, 12.80967, 33.43543, 0.0], [1610612744, 201939, 6.60592, 25.3254, 0.0], [1610612744, 202691, 10.68158, 28.38056, 0.0], [1610612744, 203110, -0.97206, 31.14286, 0.0], [1610612739, 2544, 11.10794, 23.19862, 0.0], [1610612739, 201567, 6.53603, 23.293, 0.0], [1610612739, 202697, 24.35949, 41.14976, 0.0], [1610612739, 203521, 20.66604, 8.75066, 0.0], [1610612739, 202681, 1.21147, 37.65257, 0.0]]",2582.92
75853,4,1451089441212,283.51,11.49,"[[-1, -1, 89.20834, 23.75494, 10.99299], [1610612744, 2738, 80.94329, 46.53721, 0.0], [1610612744, 2733, 88.55805, 27.4875, 0.0], [1610612744, 201939, 54.19999, 20.99899, 0.0], [1610612744, 202691, 65.85491, 10.76738, 0.0], [1610612744, 203110, 87.07106, 22.0959, 0.0], [1610612739, 2544, 75.32464, 9.95135, 0.0], [1610612739, 201567, 88.06797, 24.4069, 0.0], [1610612739, 202697, 82.8086, 33.98276, 0.0], [1610612739, 203521, 63.49374, 23.50098, 0.0], [1610612739, 202681, 86.80267, 22.92531, 0.0]]",2596.49
75854,4,1451089441252,283.47,24.0,"[[-1, -1, 89.22228, 23.76587, 10.99205], [1610612744, 2738, 80.82444, 46.43764, 0.0], [1610612744, 2733, 88.53536, 27.48818, 0.0], [1610612744, 201939, 54.04145, 21.01228, 0.0], [1610612744, 202691, 65.76405, 10.79633, 0.0], [1610612744, 203110, 87.11901, 22.12391, 0.0], [1610612739, 2544, 75.52524, 9.97757, 0.0], [1610612739, 201567, 88.13359, 24.31254, 0.0], [1610612739, 202697, 82.8179, 33.77808, 0.0], [1610612739, 203521, 63.59907, 23.50813, 0.0], [1610612739, 202681, 86.74694, 22.88868, 0.0]]",2596.5299999999997
76093,4,1451089450811,274.02,17.02,"[[-1, -1, 6.76577, 32.31647, 4.79748], [1610612744, 2738, 2.28648, 11.69006, 0.0], [1610612744, 2733, 23.51054, 40.03294, 0.0], [1610612744, 201939, 7.62415, 22.3794, 0.0], [1610612744, 202691, 6.49659, 33.01906, 0.0], [1610612744, 203110, 8.2014, 11.03719, 0.0], [1610612739, 2544, 7.61764, 19.67114, 0.0], [1610612739, 201567, 49.91947, 25.26252, 0.0], [1610612739, 202697, 32.49026, 35.90525, 0.0], [1610612739, 203521, 30.8434, 12.98556, 0.0], [1610612739, 202681, 8.12677, 2.21295, 0.0]]",2605.98
76132,4,1451089631528,274.0,24.0,"[[-1, -1, 6.2232, 8.97694, 4.10132], [1610612744, 2738, 88.57232, 33.21923, 0.0], [1610612744, 2733, 22.84249, 6.37105, 0.0], [1610612744, 201939, 6.3127, 10.10106, 0.0], [1610612744, 202691, 88.2916, 47.83589, 0.0], [1610612744, 203110, 2.54846, 10.055, 0.0], [1610612739, 2544, 89.65182, 42.00842, 0.0], [1610612739, 201567, 79.21651, 15.79803, 0.0], [1610612739, 202697, 65.8251, 21.51732, 0.0], [1610612739, 203521, 13.96779, 13.76999, 0.0], [1610612739, 202681, 81.01164, 24.06141, 0.0]]",2606.0
76464,4,1451089644808,260.69,9.97,"[[-1, -1, 88.66568, 26.92689, 5.45124], [1610612744, 2738, 60.55571, 18.31649, 0.0], [1610612744, 2733, 82.50738, 10.87098, 0.0], [1610612744, 201939, 72.10673, 5.97397, 0.0], [1610612744, 202691, 67.96567, 27.88099, 0.0], [1610612744, 203110, 69.45061, 37.00291, 0.0], [1610612739, 2544, 84.8217, 26.14907, 0.0], [1610612739, 201567, 85.78964, 29.71543, 0.0], [1610612739, 202697, 88.33677, 21.71015, 0.0], [1610612739, 203521, 75.32988, 9.03072, 0.0], [1610612739, 202681, 76.8303, 22.7263, 0.0]]",2619.31
76465,4,1451089644849,260.65,24.0,"[[-1, -1, 88.57214, 27.12386, 4.72586], [1610612744, 2738, 60.32926, 18.33572, 0.0], [1610612744, 2733, 82.09286, 11.08295, 0.0], [1610612744, 201939, 71.94402, 6.01936, 0.0], [1610612744, 202691, 67.94922, 27.89074, 0.0], [1610612744, 203110, 69.2303, 37.04143, 0.0], [1610612739, 2544, 84.85845, 26.03871, 0.0], [1610612739, 201567, 85.90529, 29.69072, 0.0], [1610612739, 202697, 88.30364, 21.8405, 0.0], [1610612739, 203521, 75.20804, 9.12195, 0.0], [1610612739, 202681, 76.92394, 22.88216, 0.0]]",2619.35
77403,4,1451089695448,228.26,15.49,"[[-1, -1, 90.46969, 25.2028, 1.89537], [1610612744, 2738, 73.23404, 17.70666, 0.0], [1610612744, 2733, 83.93678, 22.73573, 0.0], [1610612744, 201939, 57.14043, 25.4268, 0.0], [1610612744, 202691, 77.16194, 1.85137, 0.0], [1610612744, 203110, 86.23795, 27.15464, 0.0], [1610612739, 2544, 82.01129, 3.21283, 0.0], [1610612739, 201567, 86.34761, 27.26872, 0.0], [1610612739, 202697, 83.56094, 22.19238, 0.0], [1610612739, 203521, 68.38983, 25.2714, 0.0], [1610612739, 202681, 90.00993, 25.38681, 0.0]]",2651.74
77404,4,1451089695489,228.22,24.0,"[[-1, -1, 90.5164, 24.88857, 1.32867], [1610612744, 2738, 73.13403, 17.8207, 0.0], [1610612744, 2733, 83.92436, 22.81708, 0.0], [1610612744, 201939, 57.04996, 25.48094, 0.0], [1610612744, 202691, 76.97069, 1.94126, 0.0], [1610612744, 203110, 86.31669, 27.17284, 0.0], [1610612739, 2544, 81.9471, 3.18485, 0.0], [1610612739, 201567, 86.39083, 27.26515, 0.0], [1610612739, 202697, 83.54853, 22.27373, 0.0], [1610612739, 203521, 68.53968, 25.36272, 0.0], [1610612739, 202681, 90.00969, 25.38621, 0.0]]",2651.7799999999997
77942,4,1451089717008,206.47,5.93,"[[-1, -1, 1.21825, 26.47278, 0.2883], [1610612744, 2738, 4.84903, 28.72162, 0.0], [1610612744, 2733, 7.89697, 36.38261, 0.0], [1610612744, 201939, 18.001, 21.53116, 0.0], [1610612744, 202691, 14.40774, 18.46313, 0.0], [1610612744, 203110, 14.79711, 32.64578, 0.0], [1610612739, 2544, 4.82751, 25.10214, 0.0], [1610612739, 201567, 13.55353, 22.71603, 0.0], [1610612739, 202697, 13.94841, 43.81456, 0.0], [1610612739, 203521, 30.5196, 24.10967, 0.0], [1610612739, 202681, 30.84506, 12.35313, 0.0]]",2673.5299999999997
77943,4,1451089717047,206.43,24.0,"[[-1, -1, 1.1171, 26.83945, 0.65881], [1610612744, 2738, 4.63701, 28.90413, 0.0], [1610612744, 2733, 7.96475, 36.32491, 0.0], [1610612744, 201939, 17.8966, 21.44952, 0.0], [1610612744, 202691, 14.55283, 18.39715, 0.0], [1610612744, 203110, 14.86337, 32.69868, 0.0], [1610612739, 2544, 4.867, 25.15413, 0.0], [1610612739, 201567, 13.83481, 22.84219, 0.0], [1610612739, 202697, 14.25631, 43.61006, 0.0], [1610612739, 203521, 30.52953, 24.06524, 0.0], [1610612739, 202681, 31.14598, 12.52491, 0.0]]",2673.5699999999997
78460,4,1451089737728,185.53,5.21,"[[-1, -1, 87.89081, 25.76462, 9.6961], [1610612744, 2738, 61.12898, 11.78545, 0.0], [1610612744, 2733, 86.02673, 43.12544, 0.0], [1610612744, 201939, 93.77686, 38.35543, 0.0], [1610612744, 202691, 74.20205, 7.70506, 0.0], [1610612744, 203110, 57.70014, 23.56718, 0.0], [1610612739, 2544, 85.79566, 5.98471, 0.0], [1610612739, 201567, 87.69768, 24.83634, 0.0], [1610612739, 202697, 88.34295, 32.16622, 0.0], [1610612739, 203521, 89.84996, 25.84494, 0.0], [1610612739, 202681, 78.81133, 21.15819, 0.0]]",2694.4700000000003
78461,4,1451089737769,185.48,24.0,"[[-1, -1, 87.69561, 25.8774, 9.60456], [1610612744, 2738, 60.94759, 11.82767, 0.0], [1610612744, 2733, 85.65247, 43.07161, 0.0], [1610612744, 201939, 93.7896, 38.72569, 0.0], [1610612744, 202691, 73.81239, 7.87959, 0.0], [1610612744, 203110, 57.4876, 23.53195, 0.0], [1610612739, 2544, 85.6242, 5.82694, 0.0], [1610612739, 201567, 87.78453, 24.89472, 0.0], [1610612739, 202697, 88.27608, 32.18895, 0.0], [1610612739, 203521, 89.88802, 25.93717, 0.0], [1610612739, 202681, 78.79016, 21.34723, 0.0]]",2694.52
79824,4,1451089977485,136.77,4.58,"[[-1, -1, 6.09341, 23.88129, 10.43863], [1610612744, 2738, 7.92509, 30.63203, 0.0], [1610612744, 2733, 15.55371, 33.12847, 0.0], [1610612744, 201939, 6.75089, 18.90429, 0.0], [1610612744, 202691, 5.16689, 29.50888, 0.0], [1610612744, 203110, 6.46327, 24.62952, 0.0], [1610612739, 2544, 0.99848, 16.98791, 0.0], [1610612739, 2747, 33.57711, 41.33357, 0.0], [1610612739, 201567, 6.0301, 24.0717, 0.0], [1610612739, 202697, 28.62187, 13.35791, 0.0], [1610612739, 203521, 10.33134, 6.22084, 0.0]]",2743.23
79825,4,1451089977524,136.73,24.0,"[[-1, -1, 5.80655, 23.8009, 10.48127], [1610612744, 2738, 8.01546, 30.73557, 0.0], [1610612744, 2733, 15.47749, 33.13419, 0.0], [1610612744, 201939, 6.67141, 19.02989, 0.0], [1610612744, 202691, 5.23072, 29.50589, 0.0], [1610612744, 203110, 6.46242, 24.60716, 0.0], [1610612739, 2544, 1.08147, 16.59978, 0.0], [1610612739, 2747, 33.79333, 41.37426, 0.0], [1610612739, 201567, 5.97095, 24.07643, 0.0], [1610612739, 202697, 28.83483, 13.56449, 0.0], [1610612739, 203521, 10.5837, 6.44348, 0.0]]",2743.27
80927,4,1451090021604,93.04,8.03,"[[-1, -1, 6.87105, 28.54201, 5.76471], [1610612744, 2738, 15.09236, 32.5567, 0.0], [1610612744, 2733, 5.71395, 26.36171, 0.0], [1610612744, 201939, 5.66572, 30.19835, 0.0], [1610612744, 202691, 13.04139, 17.81703, 0.0], [1610612744, 203110, 6.72255, 24.35601, 0.0], [1610612739, 2544, 9.73613, 27.46254, 0.0], [1610612739, 2747, 5.49157, 48.23583, 0.0], [1610612739, 201567, 9.75952, 21.37451, 0.0], [1610612739, 202697, 18.58098, 36.54548, 0.0], [1610612739, 203521, 15.16935, 9.50346, 0.0]]",2786.96
80928,4,1451090042444,93.0,24.0,"[[-1, -1, 18.90186, 25.83013, 3.62815], [1610612744, 2738, 4.59001, 34.44469, 0.0], [1610612744, 2733, 26.50179, 13.054, 0.0], [1610612744, 201939, 21.46693, 45.8591, 0.0], [1610612744, 202691, 29.24082, 18.5881, 0.0], [1610612744, 203110, 5.29858, 15.72104, 0.0], [1610612739, 2544, 20.21021, 25.23718, 0.0], [1610612739, 2747, 9.34877, 33.79752, 0.0], [1610612739, 201567, 9.73111, 16.35876, 0.0], [1610612739, 202697, 37.50164, 25.18686, 0.0], [1610612739, 203521, 30.23181, 29.74449, 0.0]]",2787.0
81521,4,1451090076244,80.0,10.0,"[[-1, -1, 88.59477, 24.19718, 7.69825], [1610612744, 2738, 85.59356, 5.23937, 0.0], [1610612744, 2733, 88.78618, 39.00278, 0.0], [1610612744, 201939, 92.5314, 15.89798, 0.0], [1610612744, 202691, 65.94542, 9.72184, 0.0], [1610612744, 203110, 58.63725, 24.36281, 0.0], [1610612739, 2544, 90.3975, 23.80013, 0.0], [1610612739, 2747, 87.84428, 35.70825, 0.0], [1610612739, 201567, 87.71407, 22.13278, 0.0], [1610612739, 202697, 75.24949, 14.14812, 0.0], [1610612739, 203521, 72.00118, 25.95296, 0.0]]",2800.0
81522,4,1451090076284,80.0,24.0,"[[-1, -1, 88.8435, 23.78778, 7.59645], [1610612744, 2738, 85.42321, 5.46598, 0.0], [1610612744, 2733, 88.57254, 38.94492, 0.0], [1610612744, 201939, 92.57727, 15.34346, 0.0], [1610612744, 202691, 65.82194, 9.85204, 0.0], [1610612744, 203110, 58.3927, 24.36712, 0.0], [1610612739, 2544, 90.46805, 23.57198, 0.0], [1610612739, 2747, 87.7435, 35.78282, 0.0], [1610612739, 201567, 87.70972, 22.17583, 0.0], [1610612739, 202697, 75.30537, 14.15762, 0.0], [1610612739, 203521, 72.12612, 26.01423, 0.0]]",2800.0
81904,4,1451090091563,68.44,11.76,"[[-1, -1, 5.09196, 25.27089, 10.03112], [1610612744, 2738, 25.70858, 35.18391, 0.0], [1610612744, 2733, 28.34452, 41.05812, 0.0], [1610612744, 201939, 5.91833, 19.95586, 0.0], [1610612744, 202691, 14.49792, 20.48405, 0.0], [1610612744, 203110, 12.22494, 31.64498, 0.0], [1610612739, 2544, 38.86285, 36.97061, 0.0], [1610612739, 2747, 28.37697, 45.17118, 0.0], [1610612739, 201567, 13.12594, 33.49427, 0.0], [1610612739, 202697, 6.15845, 18.10918, 0.0], [1610612739, 203521, 21.53772, 14.42931, 0.0]]",2811.56
81905,4,1451090091604,68.4,24.0,"[[-1, -1, 5.11074, 25.26087, 9.97404], [1610612744, 2738, 25.66123, 35.22694, 0.0], [1610612744, 2733, 28.4118, 41.11504, 0.0], [1610612744, 201939, 5.88751, 20.30825, 0.0], [1610612744, 202691, 14.33263, 20.55729, 0.0], [1610612744, 203110, 12.24425, 31.70734, 0.0], [1610612739, 2544, 39.00864, 36.91261, 0.0], [1610612739, 2747, 28.65386, 45.19507, 0.0], [1610612739, 201567, 13.24645, 33.56522, 0.0], [1610612739, 202697, 6.0836, 18.39095, 0.0], [1610612739, 203521, 21.42633, 14.60316, 0.0]]",2811.6
82241,4,1451090105044,57.56,13.31,"[[-1, -1, 88.95861, 25.40417, 8.49473], [1610612744, 2738, 85.15804, 3.77954, 0.0], [1610612744, 2733, 94.20091, 28.71862, 0.0], [1610612744, 201939, 93.15136, 18.87522, 0.0], [1610612744, 202691, 68.51115, 7.06969, 0.0], [1610612744, 203110, 87.17352, 28.35177, 0.0], [1610612739, 2544, 77.25499, 19.32918, 0.0], [1610612739, 2747, 92.47168, 28.58679, 0.0], [1610612739, 201567, 88.2225, 23.57458, 0.0], [1610612739, 202697, 87.20187, 28.83303, 0.0], [1610612739, 203521, 93.15136, 18.87522, 0.0]]",2822.44
82242,4,1451090231042,57.6,24.0,"[[-1, -1, 33.70367, 43.77197, 3.7062], [1610612744, 2738, 16.52656, 20.2114, 0.0], [1610612744, 2733, 1.05833, 6.86146, 0.0], [1610612744, 201939, 18.45404, 32.02803, 0.0], [1610612744, 202691, 24.13239, 45.64599, 0.0], [1610612744, 203110, 7.94985, 33.21046, 0.0], [1610612739, 2544, 18.82661, 16.81855, 0.0], [1610612739, 2747, 2.35477, 1.36402, 0.0], [1610612739, 201567, 6.74494, 35.22204, 0.0], [1610612739, 202697, 19.49405, 33.26508, 0.0], [1610612739, 203521, 23.88559, 46.70005, 0.0]]",2822.4
