event, shooter, shooter_name, shooter_offensive_rating, dist, x, y, shot_angle, shooter_velocity, fg_percentage_zone, closest_defender, closest_defender_name, closest_defender_defensive_rating, closest_defender_dist, closest_defender_angle, closest_defender_velocity, num_close_defenders, shot_clock, score_margin, quarter, make
2, 2738, Andre Iguodala, 115.0, 48.86918493337596, 5.28373, -23.86914, 1.5721523964817816, 0.012191721602177451,71.07438016528926, 203999, Nikola Jokic, 106.69356796116504, 2.179366321410882, 2.7494088497587477, 0.007395284092751288,2, 24, 2, 1, 1
3, 201568, Danilo Gallinari, 120.0, 74.01490920479333, 54.45817, -40.64393, 1.0905939387072423, 0.01023113112331667,40.74074074074074, 2738, Andre Iguodala, 105.0, 9.800651653813633, 0.7022177425675955, 0.003591832827749704,1, 23, 0, 1, 0
5, 203110, Draymond Green, 115.0, 53.78298428597097, 29.96391, -22.82013, 1.0954432966267422, 0.0012233432507279844,39.53488372093023, 2749, Jameer Nelson, 112.0, 2.363992950412498, 1.5745170272985691, 0.002303629407555087,1, 13, 5, 1, 1
6, 201568, Danilo Gallinari, 120.0, 51.000426783983876, 87.04514, -25.97517, 1.5393235514281887, 0.002406838239786591,50.43103448275862, 203110, Draymond Green, 100.0, 0.7481223669962028, 2.8488854896045, 0.0024524725406208274,3, 7, -3, 1, 1
7, 203110, Draymond Green, 115.0, 50.35382009259278, 33.68014, -16.628239999999998, 0.9732429932443033, 0.008430666621256246,38.46153846153847, 202702, Kenneth Faried, 107.0, 1.9386639379995723, 2.977428454159696, 0.006723601075448694,1, 5, 6, 1, 1
8, 203914, Gary Harris, 110.0, 64.68542911669212, 61.18241, -33.56395, 1.1322394621606966, 0.00804528478781658,43.75, 202691, Klay Thompson, 106.69356796116504, 13.471969605907667, 0.416081644119581, 0.006086724463423276,0, 14, 0, 1, 0
10, 202691, Klay Thompson, 104.37388483373884, 48.806098067819356, 39.9155, -9.45666, 0.7838212798315396, 0.007396217466550127,39.8876404494382, 203914, Gary Harris, 111.0, 10.734213405937114, 1.127743916921709, 0.008221885477948396,0, 24, 0, 1, 0
13, 202702, Kenneth Faried, 116.0, 45.58112572856665, 80.63353, -19.87065, 1.3940042364145286, 0.006184613508538959,44.9438202247191, 101106, Andrew Bogut, 99.0, 5.30980355804243, 2.1379320155382127, 0.003422061677556397,3, 5, 0, 1, 0
15, 203110, Draymond Green, 115.0, 74.02397347896219, 18.53371, -47.8405, 1.3917405306680002, 0.008918294935832665,38.18181818181819, 203999, Nikola Jokic, 106.69356796116504, 4.058153971561448, 0.30178385096631194, 0.0036894991868816327,1, 24, 9, 1, 1
19, 201939, Stephen Curry, 125.0, 53.06521484134499, -0.1723, -27.77709, 1.6750513735060872, 0.0012833931587787467,65.91478696741855, 2749, Jameer Nelson, 112.0, 4.718030552953213, 1.3943744164309408, 0.0011649892703368063,2, 23, 11, 1, 1
20, 201568, Danilo Gallinari, 120.0, 51.23128019285581, 51.4757, -10.25217, 0.7588653374175404, 0.009256039454812907,37.17948717948718, 203110, Draymond Green, 100.0, 3.723527272264832, 2.5564631291162194, 0.010410810499323417,1, 23, -11, 1, 0
23, 203110, Draymond Green, 115.0, 67.72476370109017, 47.15721, -28.52562, 0.9113644775146925, 0.009377060786835048,39.53488372093023, 202702, Kenneth Faried, 107.0, 9.978877963348381, 1.8147849700459817, 0.0073731112327159246,1, 23, 14, 1, 1
26, 2749, Jameer Nelson, 99.0, 66.90258211879792, 67.14528, -38.35221, 1.243553567338899, 0.006467576796992655,35.714285714285715, 201939, Stephen Curry, 112.0, 9.784492436570229, 1.2272959953817741, 0.006679415066081801,1, 23, -14, 1, 0
28, 2738, Andre Iguodala, 115.0, 33.79931772948383, 16.45135, -6.924190000000003, 1.2361353885081452, 0.014735991307424886,48.14814814814815, 203115, Will Barton, 108.0, 3.773019666222268, 1.9969466791273376, 0.011114048522590689,1, 24, 17, 1, 1
29, 203115, Will Barton, 105.0, 61.83238863381877, 55.51144, -27.2023, 1.0051734661610787, 0.010875846154934286,34.48275862068966, 203110, Draymond Green, 100.0, 6.102883315523896, 2.8330829203892702, 0.013521636228110142,1, 23, -17, 1, 0
32, 201939, Stephen Curry, 125.0, 77.3025520330461, 33.30847, -47.06947, 1.2007314699869163, 0.010800363143034316,41.54929577464789, 2749, Jameer Nelson, 112.0, 19.787020498362054, 1.1832873325338547, 0.0092708998258638,0, 22, -17, 1, 0
42, 203110, Draymond Green, 115.0, 71.93942456356042, 12.07919, -46.62401, 1.4771197104972287, 0.0028306455204599877,38.18181818181819, 201568, Danilo Gallinari, 111.0, 2.3342621166013, 0.41469265704598063, 0.0017198968900780539,1, 8, -17, 1, 0
46, 203110, Draymond Green, 115.0, 43.23148314566712, 75.5795, -16.208289999999998, 1.263652324120018, 0.0010544265325283173,59.85915492957746, 201568, Danilo Gallinari, 111.0, 8.210539878138334, 0.9398784981657569, 0.002634829501125184,1, 17, 19, 1, 1
48, 202691, Klay Thompson, 104.37388483373884, 29.895402524135715, 21.95049, 0.1372, 0.9820898506814937, 0.007325759803081502,39.8876404494382, 201568, Danilo Gallinari, 111.0, 3.663067122303382, 1.532368977051436, 0.004246330851333742,1, 23, 19, 1, 0
50, 203115, Will Barton, 105.0, 54.57892707155482, 80.77561, -29.0079, 1.4260157756767158, 0.010434413767147396,58.35866261398176, 201939, Stephen Curry, 112.0, 7.238185704477336, 2.1774574259389636, 0.0068373324757988714,2, 24, -17, 1, 1
51, 202691, Klay Thompson, 104.37388483373884, 58.951594086508806, 3.23773, -33.913740000000004, 1.6066345812174752, 0.011439470365799313,65.10791366906474, 2749, Jameer Nelson, 112.0, 12.815712595704543, 0.017054319060557686, 0.0033549230989696017,0, 24, 19, 1, 1
55, 201939, Stephen Curry, 125.0, 23.37878848751791, 11.43279, 2.426400000000001, 1.3075834195831004, 0.008960070709821463,48.4375, 201568, Danilo Gallinari, 111.0, 3.3160053009004713, 3.028319468124019, 0.007383343153680423,1, 8, 19, 1, 0
57, 203994, Jusuf Nurkic, 104.37388483373884, 45.193885596077045, 88.45853, -20.19348, 1.5665596790655807, 0.0005232453184649509,30.303030303030305, 101106, Andrew Bogut, 99.0, 1.86158687535661, 2.704263252196459, 0.0025234408607126523,1, 14, -19, 1, 0
59, 203994, Jusuf Nurkic, 104.37388483373884, 51.41702515022237, 80.78319, -25.81165, 1.417192918777228, 0.0010174247515173378,48.55072463768116, 203110, Draymond Green, 100.0, 6.488261423532501, 1.8722638897113502, 0.005751542450725684,3, 23, 19, 1, 0
61, 203110, Draymond Green, 115.0, 53.733752952869395, 6.8928, -28.7116, 1.542080445840744, 0.0036986718308738903,59.85915492957746, 203914, Gary Harris, 111.0, 0.3315416031209364, 1.2391973767874265, 0.0027365061666292296,4, 7, 21, 1, 1
62, 203914, Gary Harris, 110.0, 40.357716445014574, 87.48819, -15.340989999999998, 1.5420045458212106, 0.008684212014483685,54.54545454545454, 101106, Andrew Bogut, 99.0, 1.6607032787346443, 2.3498010071391775, 0.005822061946810695,2, 23, -21, 1, 0
64, 202691, Klay Thompson, 104.37388483373884, 71.00813749801497, 23.60467, -43.62159, 1.3107983841191637, 0.011144900427209772,48.03493449781659, 200751, Randy Foye, 110.66666666666669, 14.76975770902488, 0.8399667161470331, 0.006126914031571511,0, 23, -21, 1, 0
66, 203994, Jusuf Nurkic, 104.37388483373884, 57.4502801630462, 88.81954, -32.45003, 1.5737474045895121, 0.0006104068827429245,48.55072463768116, 202691, Klay Thompson, 106.69356796116504, 5.737016847195065, 1.8970217178258233, 0.001768616161014253,3, 8, 21, 1, 0
68, 201568, Danilo Gallinari, 120.0, 52.4049272461636, 88.79009, -27.40474, 1.5734695518943682, 0.011600302182125969,50.43103448275862, 101106, Andrew Bogut, 99.0, 2.9056043065255808, 1.9146391270584098, 0.0057430054934070945,4, 7, -19, 1, 1
86, 2733, Shaun Livingston, 119.0, 43.95421196851218, 17.33652, -17.288249999999998, 1.2945931625580407, 0.016146856538116067,71.15384615384616, 201568, Danilo Gallinari, 111.0, 8.302725303495235, 2.5708681905906317, 0.00900513878293942,1, 22, 20, 1, 1
98, 203994, Jusuf Nurkic, 104.37388483373884, 47.50951330731141, 85.11476, -22.3778, 1.4963162834788735, 0.003386822871811158,30.303030303030305, 2733, Shaun Livingston, 106.0, 3.9251099475046556, 2.244713499444241, 0.009219008251934942,2, 23, -20, 1, 0
100, 201578, Marreese Speights, 102.0, 55.915514798912476, 29.98765, -25.19493, 1.1145040063690854, 0.008106637134163514,43.18181818181818, 203994, Jusuf Nurkic, 106.69356796116504, 15.647804686795522, 1.1043624738386035, 0.008375087361484668,0, 15, 22, 1, 1
101, 203115, Will Barton, 105.0, 61.42042853678001, 78.03104, -35.495509999999996, 1.3970335189229952, 0.013685771927605606,58.35866261398176, 202691, Klay Thompson, 106.69356796116504, 2.3665721851868273, 0.6426397270970067, 0.008339264863376075,2, 22, -20, 1, 1
102, 201578, Marreese Speights, 102.0, 28.65247351820432, 3.64417, -3.6016499999999994, 1.6303667269121522, 0.004691175652221992,30.0, 203994, Jusuf Nurkic, 106.69356796116504, 6.699246753277568, 2.316733812527528, 0.008007998064435256,1, 10, -20, 1, 0
104, 203994, Jusuf Nurkic, 104.37388483373884, 53.5734466689096, 78.74444, -27.64973, 1.38482945433481, 0.0016124118774371757,30.303030303030305, 201578, Marreese Speights, 103.0, 4.664227724479161, 0.9915623734921035, 0.00446604145888718,2, 15, 20, 1, 0
114, 201589, Darrell Arthur, 104.0, 47.675626541163574, 68.2023, -18.06805, 1.1275303249884892, 0.007060244263656949,52.94117647058824, 201578, Marreese Speights, 103.0, 4.95931971255131, 2.8622106752936394, 0.009637470654948709,1, 7, -20, 1, 0
116, 2749, Jameer Nelson, 99.0, 59.70426289927463, 48.67516, -19.34649, 0.8371969126252138, 0.015393715676024029,26.0, 201578, Marreese Speights, 103.0, 11.073175663783177, 2.6810554425580437, 0.011230719567271069,0, 22, 20, 1, 0
118, 2733, Shaun Livingston, 119.0, 68.62092808088505, 19.13686, -42.22168, 1.3685061412694353, 0.01705879355713645,45.45454545454545, 201589, Darrell Arthur, 108.0, 11.741813334097932, 0.0010427684343237143, 0.01052148510489368,0, 24, 23, 1, 1
119, 203115, Will Barton, 105.0, 38.86812349823439, 70.87042, -9.56324, 1.0956894892098152, 0.005989851684347062,31.521739130434785, 201578, Marreese Speights, 103.0, 9.765280807800657, 2.6247347462384596, 0.00950346938120993,1, 23, -23, 1, 0
121, 2034, Mike Miller, 100.0, 62.72965818045002, 57.00275, -29.16144, 1.0419910197889106, 0.0055726103230443295,20.0, 201578, Marreese Speights, 103.0, 21.572861447833013, 0.019802832368558513, 0.0037997247597688724,0, 23, 23, 1, 0
123, 203115, Will Barton, 105.0, 59.68834283185453, 62.59347, -28.70061, 1.11904368174377, 0.006499394219700771,41.17647058823529, 203546, Ian Clark, 106.0, 16.239908322561426, 1.0841805117223209, 0.0036091629786290684,0, 24, -23, 1, 0
125, 203115, Will Barton, 105.0, 64.23008753046037, 64.64959, -34.57755, 1.1878413336230087, 0.00509461549430818,28.35820895522388, 201578, Marreese Speights, 103.0, 12.6002795015071, 1.9282729381573378, 0.011576406840294408,0, 23, 23, 1, 0
127, 202691, Klay Thompson, 104.37388483373884, 70.51555203923317, 20.79267, -43.80383, 1.3500102820070587, 0.0011925127357809819,48.03493449781659, 203115, Will Barton, 108.0, 3.703378477687633, 0.13503216071609284, 0.003263345800325049,1, 11, 26, 1, 1
128, 2749, Jameer Nelson, 99.0, 46.27200521965738, 93.47724, -21.01952, 1.6753096108152374, 0.013947670616450494,57.407407407407405, 2733, Shaun Livingston, 106.0, 4.340181782206824, 2.606015775028683, 0.00861292624852301,2, 24, -24, 1, 1
129, 202691, Klay Thompson, 104.37388483373884, 71.48449565226086, 63.38866, -41.87225, 1.2096123317100789, 0.014226077085084544,0.0, 203115, Will Barton, 108.0, 9.62682746311058, 1.9547135484299432, 0.004844733260787326,1, 24, -24, 1, 0
134, 2034, Mike Miller, 100.0, 35.46732055885389, 70.29743, -5.34986, 1.0269278758730738, 0.007629996305700268,23.52941176470588, 2738, Andre Iguodala, 105.0, 12.989234230273155, 2.002299256038295, 0.0016878640348084624,0, 24, 24, 2, 0
136, 201589, Darrell Arthur, 104.0, 52.11906724736448, 74.29788, -25.10403, 1.2918199202928347, 0.0011816460774010406,66.66666666666666, 203546, Ian Clark, 106.0, 10.23872466714484, 1.627729922731694, 0.001389178616602172,0, 24, -22, 2, 1
141, 201578, Marreese Speights, 102.0, 52.416400345598895, 4.39501, -27.4077, 1.5890166325631967, 0.0030182801595661176,30.0, 200751, Randy Foye, 110.66666666666669, 3.463780748445258, 0.5463352775654011, 0.0038370282852490632,4, 24, -22, 2, 0
142, 201578, Marreese Speights, 102.0, 52.416400345598895, 4.39501, -27.4077, 1.5890166325631967, 0.0030182801595661176,49.24242424242424, 200751, Randy Foye, 110.66666666666669, 3.463780748445258, 0.5463352775654011, 0.0038370282852490632,4, 24, -22, 2, 0
145, 201574, Jason Thompson, 104.37388483373884, 37.508412133677425, 25.47803, -6.650329999999997, 1.004361516883997, 0.01305409435453157,0.0, 2034, Mike Miller, 109.0, 10.373630843827055, 1.2329346241233905, 0.009252494012380532,0, 22, -22, 2, 0
147, 201589, Darrell Arthur, 104.0, 58.08137510215215, 72.68688, -30.84465, 1.292372412397489, 0.015341566902257285,32.0, 2733, Shaun Livingston, 106.0, 7.187226484847957, 2.2331836866856523, 0.0058705102726487254,1, 24, -20, 2, 1
149, 203115, Will Barton, 105.0, 54.97511850299006, 87.04793, -29.95177, 1.5416504715895338, 0.007534877309054361,58.35866261398176, 201574, Jason Thompson, 106.69356796116504, 2.607963766044306, 0.205445665495177, 0.004012352255847049,3, 24, -18, 2, 1
150, 2738, Andre Iguodala, 115.0, 68.82543485650126, 40.86816, -33.952529999999996, 1.0285498195779788, 0.009942087107971972,33.33333333333333, 201589, Darrell Arthur, 108.0, 15.612180046351632, 0.631408313893613, 0.008067467338018818,0, 24, 20, 2, 1
151, 2749, Jameer Nelson, 99.0, 69.40447779736189, 55.80718, -36.141890000000004, 1.0778664976675745, 0.012557197246821881,35.714285714285715, 201578, Marreese Speights, 103.0, 4.386104738603488, 2.7846367977465647, 0.0036090808564693834,1, 24, -17, 2, 1
153, 201589, Darrell Arthur, 104.0, 45.65053941167618, 88.98503, -20.64931, 1.578135407820162, 0.004395973214204091,55.96330275229357, 2733, Shaun Livingston, 106.0, 1.0612636820790675, 2.205411750107469, 0.0045842315127510224,3, 4, 17, 2, 0
155, 201589, Darrell Arthur, 104.0, 50.760851924313684, 91.21311, -25.6961, 1.621311641586193, 0.007182877874675267,55.96330275229357, 201574, Jason Thompson, 106.69356796116504, 2.54236904952841, 1.3288344569041866, 0.00630691765543989,4, 2, -17, 2, 0
162, 200751, Randy Foye, 96.0, 51.06524500913023, 82.15328, -25.65029, 1.443226689238244, 0.005220982434826927,51.4018691588785, 201574, Jason Thompson, 106.69356796116504, 6.822408936438802, 2.032661898320276, 0.002950556768963652,2, 23, 17, 2, 0
164, 203546, Ian Clark, 102.0, 47.84719641826155, -1.34941, -22.37586, 1.7112746805214223, 0.004249117013894174,58.490566037735846, 2034, Mike Miller, 109.0, 8.441518390461518, 1.9509688405329015, 0.004055351939805861,2, 24, 21, 2, 1
165, 2749, Jameer Nelson, 99.0, 67.2012056303583, 64.56224, -37.73581, 1.2041974582022084, 0.0057892140295168065,30.0, 201574, Jason Thompson, 106.69356796116504, 2.421988750531266, 0.8273766453240456, 0.005884372700431206,1, 16, -18, 2, 1
174, 2749, Jameer Nelson, 99.0, 34.02900999687473, 72.85095, -5.139069999999997, 1.0879727839934594, 0.004873174589221907,26.0, 201574, Jason Thompson, 106.69356796116504, 2.4049254009636183, 2.404680582536403, 0.004009125180320721,1, 9, 18, 2, 0
176, 200751, Randy Foye, 96.0, 73.62877187161892, 71.20198, -46.53155, 1.3315475670943462, 0.004070100321244998,30.48780487804878, 2738, Andre Iguodala, 105.0, 3.3868610345421626, 0.13659016800918922, 0.0008299019520402841,1, 20, -18, 2, 0
182, 202691, Klay Thompson, 104.37388483373884, 51.3337587685336, 70.81174, -23.13472, 1.2158972944584518, 0.003930362994376165,44.44444444444444, 203115, Will Barton, 108.0, 9.056298476099387, 0.6788661827384092, 0.00547508335258154,1, 24, -18, 2, 0
184, 201589, Darrell Arthur, 104.0, 30.696500781466934, 77.41821, -3.56785, 1.1961987331718853, 0.009473447541022216,37.93103448275862, 201574, Jason Thompson, 106.69356796116504, 12.799427621741533, 2.216317429925399, 0.00437849865821628,0, 4, -17, 2, 1
185, 201574, Jason Thompson, 104.37388483373884, 47.273885781730485, 7.19804, -22.23775, 1.5316941673438929, 0.009777775339937548,62.22222222222222, 2749, Jameer Nelson, 112.0, 3.4037784569063816, 0.3705557922605931, 0.0008485836519358258,3, 24, 19, 2, 1
186, 203914, Gary Harris, 110.0, 58.37192105633068, 52.53536, -20.85863, 0.9037109056711261, 0.013569137216953107,47.368421052631575, 202691, Klay Thompson, 106.69356796116504, 11.245813920499488, 0.6181117504993294, 0.013388365856686993,0, 21, -17, 2, 1
190, 203115, Will Barton, 105.0, 44.337331219378775, 81.9628, -18.83013, 1.4193930578608625, 0.007527724311669509,41.935483870967744, 202691, Klay Thompson, 106.69356796116504, 6.0908800245366885, 1.6103382825151078, 0.001788156173268849,3, 24, 17, 2, 0
192, 203914, Gary Harris, 110.0, 73.77821438061103, 77.07367, -47.86435, 1.4132380900075134, 0.004374663172212694,40.625, 203110, Draymond Green, 100.0, 2.018662770251626, 1.3817169575836319, 0.0035110711700920296,1, 14, -17, 2, 0
195, 201568, Danilo Gallinari, 120.0, 28.446290087380465, 78.55123, -1.593350000000001, 1.207869586499775, 0.009114013180262512,33.33333333333333, 202691, Klay Thompson, 106.69356796116504, 9.958445419306168, 2.1069576661451563, 0.0020808431734514253,1, 12, -15, 2, 1
206, 202702, Kenneth Faried, 116.0, 51.01103364652789, 81.29946, -25.47866, 1.4261958774345445, 0.009099131565704596,61.53846153846154, 101106, Andrew Bogut, 99.0, 7.498637531138577, 1.0435907601979266, 0.005376322035090593,3, 24, -14, 2, 1
208, 201939, Stephen Curry, 125.0, 43.15797920123346, 34.39771, -6.9193, 0.8324640979518538, 0.009516467223899662,48.88059701492538, 203115, Will Barton, 108.0, 1.4874957078593511, 0.00985199463233784, 0.008500801837813996,1, 5, 17, 2, 1
210, 201939, Stephen Curry, 125.0, 36.25859154478288, 29.30985, -2.214170000000003, 0.8489058512182244, 0.006758735581652956,48.88059701492538, 2749, Jameer Nelson, 112.0, 11.737863187535458, 1.108416050330279, 0.00026026961721781254,0, 23, 17, 2, 0
213, 201568, Danilo Gallinari, 120.0, 63.34341093474917, 51.93577, -26.61834, 0.9525510424632586, 0.010007837653559464,34.61538461538461, 201939, Stephen Curry, 112.0, 11.442150214120597, 0.539486990553385, 0.007358669958796878,0, 24, -15, 2, 1
214, 2738, Andre Iguodala, 115.0, 52.830008870432714, -1.159, -27.4275, 1.6943166753855272, 0.003056968692147651,71.07438016528926, 202702, Kenneth Faried, 107.0, 2.879368442853398, 1.4886023560086834, 0.0017415266265770214,1, 24, 17, 2, 1
219, 201568, Danilo Gallinari, 120.0, 55.353752881156126, 87.376, -30.33909, 1.5477786913630232, 0.006539892798242068,50.43103448275862, 203110, Draymond Green, 100.0, 5.242545718789681, 0.2726068803874789, 0.007904118815529108,4, 8, -15, 2, 1
220, 201939, Stephen Curry, 125.0, 28.032148800791205, 17.62724, -0.2006099999999975, 1.1174569977642157, 0.000586530583175366,48.88059701492538, 2749, Jameer Nelson, 112.0, 3.7477866909017115, 2.7973391340719207, 0.0031759597466749466,1, 24, -15, 2, 0
229, 2749, Jameer Nelson, 99.0, 50.137790770715064, 93.36624, -24.91548, 1.6650011752859222, 0.0006283805895934218,57.407407407407405, 203110, Draymond Green, 100.0, 4.235901636369758, 1.882080914958007, 0.0046402163711886405,4, 10, -13, 2, 1
230, 2733, Shaun Livingston, 119.0, 51.44362243931604, 7.15633, -26.4119, 1.5356763003678602, 0.006291431720002092,71.15384615384616, 202702, Kenneth Faried, 107.0, 1.4351724667439811, 3.1248547284856283, 0.000961467560100452,3, 9, 15, 2, 1
237, 203110, Draymond Green, 115.0, 75.34137919847365, 19.01221, -49.09229, 1.3884500964860846, 0.005726504278353383,38.18181818181819, 201568, Danilo Gallinari, 111.0, 3.2722150949013113, 0.4814104670580265, 0.002325874203928355,1, 7, 16, 2, 1
245, 202691, Klay Thompson, 104.37388483373884, 69.62459396772091, 16.63604, -43.70378, 1.407979450742352, 0.0013155627292027671,44.44444444444444, 201568, Danilo Gallinari, 111.0, 1.9693017621735922, 0.41770863373877437, 0.0027281698458695245,1, 4, 16, 2, 0
247, 2749, Jameer Nelson, 99.0, 71.48190223883594, 60.31308, -40.62531, 1.1631812870108251, 0.010759684916957262,38.46153846153847, 203546, Ian Clark, 106.0, 25.090857920780632, 0.4346859260336098, 0.0056616884672171155,0, 24, -14, 2, 1
248, 202691, Klay Thompson, 104.37388483373884, 42.670527598999755, 30.41413, -9.53351, 0.9429694883689632, 0.012130380170337783,48.64864864864865, 203914, Gary Harris, 111.0, 2.589461021544831, 2.013503413948346, 0.005772254483972844,1, 8, 16, 2, 1
249, 2749, Jameer Nelson, 99.0, 61.90156869036681, 57.66491, -28.58851, 1.0465575014839563, 0.00542148828736174,30.0, 203546, Ian Clark, 106.0, 12.119443261552902, 1.8628541653842585, 0.009715301413877692,0, 24, -16, 2, 0
270, 202702, Kenneth Faried, 116.0, 52.30250451611759, 60.04368, -18.78619, 0.9920919054479411, 0.014879660389689728,61.53846153846154, 203110, Draymond Green, 100.0, 10.258388492219424, 0.9769983184703117, 0.009845549695801793,0, 24, 16, 2, 0
277, 203115, Will Barton, 105.0, 62.751998077228585, 75.69546, -36.40027, 1.3628608605897594, 0.004731774323654794,42.85714285714285, 2738, Andre Iguodala, 105.0, 3.6514783670453266, 0.5149390369550149, 0.009647762052673254,2, 24, -16, 2, 1
293, 203110, Draymond Green, 115.0, 60.19842793717458, 18.38584, -33.77004, 1.3525193073882205, 0.004524764220376569,59.85915492957746, 201568, Danilo Gallinari, 111.0, 7.02434076952421, 2.4293388432267142, 0.006186508471060168,1, 19, 16, 3, 1
294, 203115, Will Barton, 105.0, 40.4265573437326, 16.17806, -13.949449999999999, 1.2996404938761903, 0.012290441982491903,47.22222222222222, 101106, Andrew Bogut, 99.0, 7.05604433209571, 1.4787156845695875, 0.002300773402575717,2, 22, -16, 3, 0
296, 203546, Ian Clark, 102.0, 62.98182272680666, 43.95095, -24.76622, 0.911083036706816, 0.009597113661148255,25.0, 203115, Will Barton, 108.0, 10.718242258448909, 1.078849497128596, 0.006680182318807013,0, 24, 19, 3, 1
297, 203914, Gary Harris, 110.0, 54.93516868655451, 33.09909, -22.41161, 1.041270313940986, 0.016070088416102957,60.3448275862069, 203546, Ian Clark, 106.0, 10.278951500157982, 2.4599211492104764, 0.013926545074200856,0, 24, -17, 3, 1
298, 202691, Klay Thompson, 104.37388483373884, 73.39801842939495, 42.32427, -38.404830000000004, 1.0428616970368263, 0.015549665157874907,29.411764705882355, 203914, Gary Harris, 111.0, 6.403600927368907, 2.6118106247100026, 0.016581939526927623,1, 24, 19, 3, 1
301, 202691, Klay Thompson, 104.37388483373884, 62.63998085012479, 62.91788, -32.110640000000004, 1.1474717069166211, 0.01030187908223551,52.4390243902439, 2749, Jameer Nelson, 112.0, 5.080056448200161, 1.4867904181962148, 0.005331348264041664,2, 10, 21, 3, 1
304, 2749, Jameer Nelson, 99.0, 50.614377924507785, 52.43268, -10.357050000000001, 0.7733794955689198, 0.009046760915515564,35.714285714285715, 203546, Ian Clark, 106.0, 9.622548805851805, 2.297660845271234, 0.013036303936027938,1, 22, -21, 3, 0
305, 202702, Kenneth Faried, 116.0, 62.109535896412076, 44.45511, -23.25334, 0.8897384677484741, 0.016021845328953253,61.53846153846154, 202691, Klay Thompson, 106.69356796116504, 4.023214987071906, 2.3514192096214166, 0.016086980349094008,2, 21, -19, 3, 1
307, 203546, Ian Clark, 102.0, 70.23064525626403, 44.45846, -33.334140000000005, 0.9801987456083825, 0.011336049376523763,25.0, 203914, Gary Harris, 111.0, 17.51132685232047, 1.9370245160545931, 0.019722805512586844,0, 23, 21, 3, 1
308, 203914, Gary Harris, 110.0, 64.72239324642824, 81.92803, -39.37238, 1.46675021203962, 0.0021670501984266287,34.48275862068966, 2738, Andre Iguodala, 105.0, 4.5797537229528, 3.134377658146169, 0.0031758108610244152,1, 18, -21, 3, 0
317, 203914, Gary Harris, 110.0, 48.08031457133054, 4.84859, -23.0777, 1.5812251081669484, 0.0015041597091719054,60.3448275862069, 101106, Andrew Bogut, 99.0, 1.8660081005183233, 2.1262369108621426, 0.003975236029119553,2, 23, 21, 3, 0
318, 202702, Kenneth Faried, 116.0, 49.286380501705544, 6.15842, -24.27975, 1.5543930882937964, 0.002099312260196659,61.53846153846154, 101106, Andrew Bogut, 99.0, 1.0901780296813905, 0.9512119159409248, 0.0015699366604057078,2, 21, -21, 3, 0
320, 202702, Kenneth Faried, 116.0, 55.92165949233356, 62.53391, -24.44878, 1.0848876270427763, 0.014955959970025351,61.53846153846154, 203110, Draymond Green, 100.0, 9.061912042836218, 0.5628256649236442, 0.0163975732693897,1, 20, 21, 3, 0
324, 201568, Danilo Gallinari, 120.0, 57.78232924348585, -0.29435, -32.50599, 1.668635323631931, 0.007169279479138693,50.43103448275862, 101106, Andrew Bogut, 99.0, 11.244956836293325, 1.3486942174303584, 0.004128304441595829,0, 13, -21, 3, 1
329, 2749, Jameer Nelson, 99.0, 60.62475488691068, 6.62814, -35.61128, 1.5497119577619736, 0.010933364492460702,57.407407407407405, 203110, Draymond Green, 100.0, 14.20107239046756, 0.3811040926384594, 0.00406403371049011,0, 23, -18, 3, 1
330, 202691, Klay Thompson, 104.37388483373884, 29.1820838627059, 89.9659, -4.1524, 1.6159043582616743, 0.004503227911731813,39.58333333333333, 202702, Kenneth Faried, 107.0, 3.692426513784676, 2.016458414142464, 0.006039697891865298,1, 8, -18, 3, 0
331, 101106, Andrew Bogut, 120.0, 46.702783565767255, 88.63175, -21.70278, 1.5704055577856195, 0.001235126638244035,74.48979591836735, 201568, Danilo Gallinari, 111.0, 4.097427941538447, 0.42693040005117117, 0.008853523458205809,1, 24, -18, 3, 0
333, 101106, Andrew Bogut, 120.0, 46.06158403426873, 85.07628, -20.92274, 1.4931325820415742, 0.007885741543485878,74.48979591836735, 201568, Danilo Gallinari, 111.0, 11.701469225058874, 0.6165126904563009, 0.0135646873868305,0, 23, -18, 3, 0
336, 203115, Will Barton, 105.0, 65.54688973867562, 24.5503, -37.67171, 1.2735120882655795, 0.0013812369908890482,28.35820895522388, 203546, Ian Clark, 106.0, 5.080000307844481, 1.9473556461495403, 0.0021683054011139282,1, 24, 18, 3, 0
337, 202702, Kenneth Faried, 116.0, 50.92627488373365, 6.76906, -25.9065, 1.5429277322942898, 0.002856558090604834,61.53846153846154, 202691, Klay Thompson, 106.69356796116504, 1.5997160551172809, 2.2223166616103294, 0.000632464722336309,3, 24, -18, 3, 0
340, 201568, Danilo Gallinari, 120.0, 62.67514500323474, 72.87602, -35.65769, 1.316382242153225, 0.005442393848582908,37.17948717948718, 202691, Klay Thompson, 106.69356796116504, 11.996124972794334, 3.088238158031341, 0.010461979653150785,0, 19, 18, 3, 0
342, 203110, Draymond Green, 115.0, 66.135668273942, 63.79805, -36.28872, 1.1855663520498905, 0.004214957781434568,39.53488372093023, 203115, Will Barton, 108.0, 3.2721995293685833, 0.5013523225037553, 0.0043904454342482795,1, 4, 18, 3, 0
344, 202702, Kenneth Faried, 116.0, 50.18331890935872, 5.94428, -25.1798, 1.558953867909608, 0.0058944061670790785,61.53846153846154, 101106, Andrew Bogut, 99.0, 2.8224693206658595, 0.4259261779320193, 0.0013974785329299384,2, 12, -16, 3, 1
347, 2738, Andre Iguodala, 115.0, 65.94849867442018, 60.2175, -34.504599999999996, 1.1250494748529882, 0.009974750585854307,31.25, 203115, Will Barton, 108.0, 7.825219764332493, 0.7615835125607239, 0.0003457913026667862,1, 2, -16, 3, 0
349, 201568, Danilo Gallinari, 120.0, 45.983143027032206, 10.34182, -20.71139, 1.462024359606032, 0.007265315174210019,25.0, 203110, Draymond Green, 100.0, 5.856727714560411, 1.2121867235110835, 0.005813898632683999,3, 24, 16, 3, 0
351, 101106, Andrew Bogut, 120.0, 48.546037906407975, 89.1913, -23.54302, 1.581946798397062, 0.004623500876503502,74.48979591836735, 203115, Will Barton, 108.0, 3.191385719918542, 2.4214016098366256, 0.00432776132431198,3, 12, 18, 3, 1
352, 2749, Jameer Nelson, 99.0, 34.05931125050095, 14.95712, -7.676290000000002, 1.284844979102002, 0.0051441243484677875,38.46153846153847, 203546, Ian Clark, 106.0, 6.090888614118632, 1.9471483932638651, 0.007368205632988267,2, 6, -18, 3, 0
354, 202691, Klay Thompson, 104.37388483373884, 57.91288372485003, 68.30188, -29.22044, 1.2117757817700525, 0.0021978487920009345,48.64864864864865, 202702, Kenneth Faried, 107.0, 7.597979244206983, 0.7463100004457696, 0.0030965048239911374,3, 14, 20, 3, 1
355, 2749, Jameer Nelson, 99.0, 59.57309076141341, 22.77674, -31.9672, 1.2739279154191143, 0.015800387307357402,57.407407407407405, 203110, Draymond Green, 100.0, 3.383750303923149, 2.300310707607947, 0.003384204716399443,2, 22, -18, 3, 1
356, 202691, Klay Thompson, 104.37388483373884, 58.080865091176115, 72.18987, -30.69965, 1.283458481960958, 0.0032912013877339644,34.375, 203914, Gary Harris, 111.0, 4.196080356189566, 1.250779316274772, 0.003775636350177719,3, 15, -18, 3, 0
358, 203914, Gary Harris, 110.0, 57.804948241745706, 6.52278, -32.79305, 1.550506360132491, 0.003929296502672827,52.94117647058824, 2738, Andre Iguodala, 105.0, 3.9455180604072773, 0.6318217667819193, 0.0009975800436347279,2, 24, 18, 3, 0
363, 201568, Danilo Gallinari, 120.0, 27.263574538150714, 4.73247, -2.2565799999999996, 1.5934486321328163, 0.002449373210639882,33.33333333333333, 203110, Draymond Green, 100.0, 2.304215633312124, 1.2460637989365875, 0.005038233643847679,1, 16, -18, 3, 0
365, 203546, Ian Clark, 102.0, 50.83620575523807, 97.51705, -25.05692, 1.7461170104879964, 0.002583633838704694,58.490566037735846, 202702, Kenneth Faried, 107.0, 3.5055156791547795, 0.04194084608326084, 0.003329492453813311,2, 1, 20, 3, 1
374, 203914, Gary Harris, 110.0, 52.7080504417162, 1.89072, -27.59441, 1.6364744960212891, 0.0020749654515196236,60.3448275862069, 2733, Shaun Livingston, 106.0, 4.352091886989521, 0.8379783978706512, 0.002853733891763551,2, 24, -16, 3, 1
375, 202691, Klay Thompson, 104.37388483373884, 55.80767211889867, 96.17571, -30.29792, 1.7060592262496106, 0.00491956213117587,65.10791366906474, 200751, Randy Foye, 110.66666666666669, 7.819898742387908, 1.2824586444215982, 0.0016031031041389841,2, 24, -16, 3, 0
377, 201578, Marreese Speights, 102.0, 50.15578064207256, 87.89781, -25.15014, 1.5557986896462062, 0.0020763728741486727,49.24242424242424, 200751, Randy Foye, 110.66666666666669, 3.9933985137974886, 2.988570114760969, 0.0016031031041389841,4, 24, 18, 3, 1
381, 203914, Gary Harris, 110.0, 54.71127158323411, 12.1494, -29.28712, 1.4461963064269359, 0.010063502782331778,60.3448275862069, 202691, Klay Thompson, 106.69356796116504, 5.507477383203676, 1.1520241925519665, 0.003357839456034164,3, 24, -17, 3, 1
382, 201578, Marreese Speights, 102.0, 68.57361178772489, 82.82194, -43.3255, 1.4857038396135005, 0.010970897839661474,28.57142857142857, 201589, Darrell Arthur, 108.0, 5.247810680159865, 0.9059490151604543, 0.009302279877206013,1, 23, -17, 3, 0
384, 201568, Danilo Gallinari, 120.0, 53.958813365200136, 33.94042, -20.76179, 1.012365149357487, 0.013719922252877539,50.43103448275862, 202691, Klay Thompson, 106.69356796116504, 20.551852415480703, 1.4301232028434452, 0.009557715943806878,0, 21, -15, 3, 1
385, 202691, Klay Thompson, 104.37388483373884, 81.29024555815107, 50.15186, -46.59607, 1.0774354020426367, 0.012937326271870985,39.8876404494382, 203914, Gary Harris, 111.0, 9.43493906932101, 1.0651753443031815, 0.00657190751697407,1, 24, 18, 3, 1
386, 201568, Danilo Gallinari, 120.0, 65.10561584491003, 47.48285, -25.43815, 0.8862606674207911, 0.010124479361031042,37.25490196078432, 2733, Shaun Livingston, 106.0, 19.54333609012545, 2.7571360226236377, 0.006892067162179662,0, 24, -15, 3, 1
390, 201578, Marreese Speights, 102.0, 44.33211452350993, 68.0387, -14.249339999999997, 1.0872415467054397, 0.0056842899842458414,46.80851063829788, 200751, Randy Foye, 110.66666666666669, 13.913100561790671, 1.8158270540350434, 0.003306019065658805,0, 23, -15, 3, 0
392, 203115, Will Barton, 105.0, 71.99348533269522, 49.07919, -35.14327, 0.988857914149604, 0.003721585971273906,42.10526315789473, 203546, Ian Clark, 106.0, 19.863502403614525, 1.7245075919254647, 0.006359604988500033,0, 23, 15, 3, 0
393, 201568, Danilo Gallinari, 120.0, 55.65928180091799, 70.41836, -27.58862, 1.237078560089154, 0.005075422840875854,50.43103448275862, 201578, Marreese Speights, 103.0, 16.96449374714436, 0.8812992379225734, 0.007586304302390639,0, 23, -13, 3, 1
395, 203546, Ian Clark, 102.0, 59.304284912108166, 83.50714, -34.080870000000004, 1.4839673914812106, 0.0083204407109842,25.0, 203115, Will Barton, 108.0, 5.485670649036443, 0.7426611071789252, 0.004255525973660532,2, 2, 15, 3, 1
396, 2749, Jameer Nelson, 99.0, 46.28496005511078, 25.97266, -16.43674, 1.1089982532620923, 0.0009479031134561767,38.46153846153847, 203546, Ian Clark, 106.0, 3.4520473384065893, 1.0967878044243666, 0.005630464157154348,1, 24, -13, 3, 1
397, 201578, Marreese Speights, 102.0, 65.63554316280167, 22.37622, -38.38874, 1.3083897608487278, 0.008001259485924396,0.0, 203115, Will Barton, 108.0, 5.404424188384917, 0.5574604289607412, 0.011844621068024757,1, 24, -13, 3, 0
402, 203546, Ian Clark, 102.0, 62.357511686850536, 59.38381, -30.06314, 1.0822655662682112, 0.009321022533096999,50.0, 201589, Darrell Arthur, 108.0, 2.5072484970181974, 0.23973754758793772, 0.0072847867376129635,1, 4, -13, 4, 0
405, 2738, Andre Iguodala, 115.0, 52.0269566809678, 58.00697, -17.045319999999997, 0.9409956214817443, 0.012467335654120334,33.33333333333333, 203115, Will Barton, 108.0, 7.681734487112921, 1.2026670887624968, 0.007482988611677693,1, 13, -13, 4, 0
407, 2034, Mike Miller, 100.0, 63.5226248067167, 12.1643, -38.15607, 1.4633159201473092, 0.009542309603156919,40.0, 201574, Jason Thompson, 106.69356796116504, 4.372533374749701, 0.01200625141877994, 0.005725311192415592,3, 23, 13, 4, 0
409, 203115, Will Barton, 105.0, 59.069795838253924, 47.17473, -17.05999, 0.7923977280211786, 0.006948004592147288,42.10526315789473, 203546, Ian Clark, 106.0, 11.25280848520937, 0.6689523867151356, 0.004972675870444371,0, 24, -10, 4, 1
411, 2733, Shaun Livingston, 119.0, 46.49693578929261, 74.55344, -19.3086, 1.2627769702385927, 0.002144806008127738,52.38095238095239, 200751, Randy Foye, 110.66666666666669, 6.392261768138096, 0.040508028464573576, 0.006852547500747238,2, 0, -10, 4, 0
413, 203115, Will Barton, 105.0, 41.22892917154773, 22.74559, -12.379379999999998, 1.1352268259073772, 0.002520071080346768,42.10526315789473, 203546, Ian Clark, 106.0, 8.085879065537643, 0.1605126850865142, 0.00915620789751396,1, 18, 10, 4, 0
415, 201574, Jason Thompson, 104.37388483373884, 48.11647094150817, 88.24305, -23.11475, 1.5623386231481757, 0.003391831594065367,62.22222222222222, 2034, Mike Miller, 109.0, 2.4868626816332275, 0.0025988826259417926, 0.0044633660084067075,4, 14, 12, 4, 1
417, 201589, Darrell Arthur, 104.0, 69.98944845468208, 39.50205, -36.091409999999996, 1.0610452540291648, 0.011894668829458789,55.55555555555556, 201578, Marreese Speights, 103.0, 8.883850593442013, 1.4759186729179121, 0.01040630543528774,1, 24, -10, 4, 1
418, 201574, Jason Thompson, 104.37388483373884, 46.727808874062355, 78.2621, -20.55853, 1.3466166989195925, 0.01137019765202191,40.0, 200751, Randy Foye, 110.66666666666669, 4.33301165703486, 1.5879197517601018, 0.014531048216985162,2, 22, -10, 4, 0
420, 201589, Darrell Arthur, 104.0, 34.05121078430692, 6.96838, -9.012729999999998, 1.5232505898176087, 0.005138167529014341,42.30769230769231, 201574, Jason Thompson, 106.69356796116504, 3.5702134113383197, 2.7030515282713683, 0.003921659071754555,2, 10, -8, 4, 1
426, 2733, Shaun Livingston, 119.0, 61.69746136278218, 89.07754, -36.69598, 1.57772600286827, 0.008490593178222585,41.935483870967744, 201589, Darrell Arthur, 108.0, 2.5664685404851544, 0.24356318885111855, 0.006314950379108068,2, 2, -8, 4, 0
429, 202691, Klay Thompson, 104.37388483373884, 37.313035375397966, 75.72704, -10.003709999999998, 1.2171305599556277, 0.008035774210516603,44.44444444444444, 200751, Randy Foye, 110.66666666666669, 4.723956964092703, 1.608265186688914, 0.0010550544333008615,1, 14, -8, 4, 0
432, 203110, Draymond Green, 115.0, 49.5811588797055, 85.70889, -24.49385, 1.5114423777351298, 0.007074036772043917,59.85915492957746, 201589, Darrell Arthur, 108.0, 2.6662764539709767, 1.959066088299824, 0.004197499099613459,4, 11, 10, 4, 1
434, 2749, Jameer Nelson, 99.0, 75.88122263598089, 36.44983, -44.21532, 1.148508004042041, 0.009259020242963358,26.0, 2733, Shaun Livingston, 106.0, 10.307811258264286, 1.0961393015521617, 0.00738341521425256,0, 23, -10, 4, 0
436, 202691, Klay Thompson, 104.37388483373884, 47.53244919000598, 88.22734, -22.53057, 1.5619041788574535, 0.0022115048678236775,65.10791366906474, 201589, Darrell Arthur, 108.0, 1.4477015014497987, 1.6534029941324258, 0.006748731845710907,3, 24, 12, 4, 1
440, 200751, Randy Foye, 96.0, 62.07770679508466, 6.56426, -37.06583, 1.5512347561988997, 0.010618235946945253,51.4018691588785, 2733, Shaun Livingston, 106.0, 4.0036699508825615, 0.081603240717785, 0.003375628876594698,1, 24, -10, 4, 1
441, 202691, Klay Thompson, 104.37388483373884, 75.02027815936168, 86.40702, -49.98674, 1.5408935543758473, 0.00324895768862871,54.54545454545454, 201589, Darrell Arthur, 108.0, 0.9997329155829602, 3.0117240575821254, 0.006501792642225672,2, 23, -10, 4, 0
444, 201589, Darrell Arthur, 104.0, 36.96444310437802, 11.05962, -11.52082, 1.4157129337206358, 0.010802584469905995,32.0, 2733, Shaun Livingston, 106.0, 7.140322731585738, 1.9282368168858062, 0.0009723627662104937,2, 24, -8, 4, 1
445, 202691, Klay Thompson, 104.37388483373884, 59.84822892474347, 60.69394, -27.91757, 1.084770189949321, 0.005995545997863783,36.98630136986301, 2749, Jameer Nelson, 112.0, 4.033478261376906, 1.075108403324906, 0.00028362056519225254,1, 8, -8, 4, 0
447, 203115, Will Barton, 105.0, 58.74378667163448, 55.737, -23.65765, 0.9760718837031317, 0.005676144625756175,50.0, 101106, Andrew Bogut, 99.0, 17.82849029795849, 2.0360186057420453, 0.012293081420559277,0, 24, -6, 4, 1
450, 202691, Klay Thompson, 104.37388483373884, 49.096012088722645, 90.23316, -24.07048, 1.6030481213374468, 0.005167378082741827,65.10791366906474, 201589, Darrell Arthur, 108.0, 1.9434236111820822, 2.7822233936277927, 0.005240206967525463,3, 24, 8, 4, 1
457, 202702, Kenneth Faried, 116.0, 52.6987861936544, 7.31389, -27.66218, 1.5335213723918206, 0.004883612387769708,61.53846153846154, 101106, Andrew Bogut, 99.0, 0.8323902457982076, 1.0709966460962472, 0.007212691882689079,3, 14, -6, 4, 1
458, 2738, Andre Iguodala, 115.0, 39.921970330269275, 75.54645, -12.71022, 1.23636819269808, 0.0008654169876423017,33.33333333333333, 201568, Danilo Gallinari, 111.0, 1.3373050087396052, 1.15245941546653, 0.0029092374430423795,1, 3, -6, 4, 0
460, 203115, Will Barton, 105.0, 54.44801230977124, 29.62959, -23.73487, 1.108591763748009, 0.003950194117065648,28.35820895522388, 2738, Andre Iguodala, 105.0, 4.051308687251564, 1.4756426094155335, 0.0027732580117977254,2, 19, 6, 4, 0
462, 203546, Ian Clark, 102.0, 44.265414668106295, 92.62863, -19.08625, 1.6607990203777667, 0.007274172859887833,58.490566037735846, 200751, Randy Foye, 110.66666666666669, 3.785901970970728, 2.215883637192828, 0.006460835742211443,3, 16, 8, 4, 1
465, 203914, Gary Harris, 110.0, 32.00658863560751, 24.27481, -0.812269999999998, 0.9381530083214306, 0.011918372309170368,29.545454545454547, 202691, Klay Thompson, 106.69356796116504, 8.694953233962792, 2.316050735120287, 0.006442811134318584,1, 7, -5, 4, 1
466, 202691, Klay Thompson, 104.37388483373884, 37.42946861067894, 65.85393, -4.686770000000003, 0.9159457883812469, 0.008534970346316397,48.03493449781659, 202702, Kenneth Faried, 107.0, 5.310296872614559, 1.4763378181978206, 0.0061518908729348626,1, 24, -5, 4, 0
468, 202702, Kenneth Faried, 116.0, 50.94847215441303, 8.15079, -25.87143, 1.5157956077956867, 0.00575865426536969,61.53846153846154, 203546, Ian Clark, 106.0, 2.3093061915865536, 2.793886705907736, 0.0021762767455846765,2, 24, -3, 4, 1
474, 202691, Klay Thompson, 104.37388483373884, 53.49197833219669, 71.58759, -25.69779, 1.2461523528878156, 0.013656626397558644,28.07017543859649, 201568, Danilo Gallinari, 111.0, 10.379664269970393, 1.4101353116538078, 0.004708809516480471,0, 24, 4, 4, 1
475, 203115, Will Barton, 105.0, 52.98664659201693, 9.38052, -27.83313, 1.494656067371939, 0.0025396334012017857,41.17647058823529, 203110, Draymond Green, 100.0, 2.9896622687688312, 0.26384775682437056, 0.00742545699351226,3, 24, -4, 4, 0
477, 203110, Draymond Green, 115.0, 34.33665504659562, 71.15567, -4.5458, 1.0361993390838902, 0.008062694714703158,38.18181818181819, 202702, Kenneth Faried, 107.0, 4.3892880467907265, 2.1537366083917733, 0.006565252094360076,1, 7, -4, 4, 0
480, 2749, Jameer Nelson, 99.0, 49.78332381678527, 36.10105, -14.150379999999998, 0.9049844508916829, 0.0006456362466576626,35.714285714285715, 203110, Draymond Green, 100.0, 11.506822582946171, 0.6445837441800084, 0.006962404779193713,0, 23, 4, 4, 0
482, 202691, Klay Thompson, 104.37388483373884, 48.92716943850013, 67.30114, -19.02379, 1.119269816587048, 0.005507717005626679,44.44444444444444, 203914, Gary Harris, 111.0, 7.602487558325891, 1.4460704780666827, 0.009328028109708727,1, 23, 4, 4, 0
484, 201568, Danilo Gallinari, 120.0, 54.01646559480914, 5.74244, -29.01504, 1.5635310707637637, 0.0058579360032119795,50.43103448275862, 2738, Andre Iguodala, 105.0, 0.6722063909990754, 2.553037791758404, 0.0011679563903180365,4, 6, -4, 4, 0
485, 201568, Danilo Gallinari, 120.0, 59.304938376512965, 17.75926, -32.99212, 1.35999355407135, 0.006261121155591897,50.43103448275862, 202691, Klay Thompson, 106.69356796116504, 4.1342518334518505, 2.775213607406133, 0.0066252257791715955,3, 23, 4, 4, 0
488, 203914, Gary Harris, 110.0, 63.745890908218556, 49.91388, -25.62659, 0.9176796735849962, 0.006835819674698818,34.48275862068966, 203546, Ian Clark, 106.0, 13.734591195244946, 2.4150341662573354, 0.004410348186368023,0, 23, -4, 4, 0
490, 203115, Will Barton, 105.0, 55.98210239724568, 24.63186, -27.55669, 1.2191658162323393, 0.009446769492591307,50.0, 2738, Andre Iguodala, 105.0, 12.426761472149531, 1.0577937535513877, 0.0027539905897279943,0, 17, 4, 4, 0
493, 203115, Will Barton, 105.0, 49.049216710116795, 10.65966, -23.76098, 1.462332103126162, 0.006173976375615111,41.17647058823529, 203110, Draymond Green, 100.0, 2.4415666054809986, 2.480871605016958, 0.006700475701169255,3, 9, -4, 4, 0
496, 203115, Will Barton, 105.0, 49.38807985659798, 1.93556, -24.26991, 1.639986419613887, 0.00871523505133397,58.35866261398176, 203546, Ian Clark, 106.0, 8.713697940438378, 2.4497235334257725, 0.00909118441816028,1, 20, -2, 4, 1
499, 2738, Andre Iguodala, 115.0, 39.942513649384914, 68.60867, -9.55068, 1.0451706141396184, 0.004690337920928484,33.33333333333333, 201568, Danilo Gallinari, 111.0, 15.167103834249303, 1.8855006484518104, 0.003878946836771479,0, 24, -2, 4, 0
501, 203115, Will Barton, 105.0, 45.928587638537294, 7.20232, -20.89122, 1.5304549488020474, 0.0074111790970231035,38.46153846153847, 2738, Andre Iguodala, 105.0, 3.439378500746904, 0.12183084886454654, 0.0017255352579312795,2, 24, 0, 4, 1
508, 201568, Danilo Gallinari, 120.0, 27.300827976634704, 3.31757, -2.2250700000000023, 1.6453109914594393, 0.010348880183986052,25.0, 203546, Ian Clark, 106.0, 9.347149169067535, 2.8910561599719484, 0.0051162480454431105,1, 4, 0, 5, 0
511, 202691, Klay Thompson, 104.37388483373884, 73.00643884674078, 81.77173, -47.6817, 1.4764418196397968, 0.004192714907864676,36.36363636363637, 2749, Jameer Nelson, 112.0, 8.896876559360583, 1.7879908044395096, 0.0006100534884534789,1, 23, 0, 5, 0
513, 203110, Draymond Green, 115.0, 46.21988945166897, 88.86701, -21.21938, 1.5754915088885337, 0.002712270762483162,59.85915492957746, 2034, Mike Miller, 109.0, 2.2494583151727863, 3.1071036698613086, 0.002793267853097037,2, 23, 0, 4, 0
514, 203115, Will Barton, 105.0, 56.808489565079974, 25.14487, -28.24817, 1.2148802753143007, 0.006758478562415723,34.48275862068966, 203110, Draymond Green, 100.0, 7.015049365756453, 2.1446048329147764, 0.0015778900516581163,2, 23, 0, 5, 0
518, 203110, Draymond Green, 115.0, 46.99963464105865, 88.14393, -21.99691, 1.560028588209047, 0.0013835536897783992,59.85915492957746, 2034, Mike Miller, 109.0, 1.1404761125074034, 3.0349637537370904, 0.0033443361075107423,3, 23, 0, 4, 0
527, 202691, Klay Thompson, 104.37388483373884, 40.54263912731509, 74.26754, -12.905810000000002, 1.2081507515762921, 0.0018187752919202559,44.44444444444444, 203914, Gary Harris, 111.0, 2.5520911040556533, 1.4353067305146276, 0.004524173750531674,2, 12, 0, 5, 0
529, 201568, Danilo Gallinari, 120.0, 52.91530474029985, 53.55638, -14.603879999999997, 0.8457052796064816, 0.011024402327555718,37.25490196078432, 203110, Draymond Green, 100.0, 12.046495878038556, 2.786542975110882, 0.00562043744685557,0, 23, 0, 5, 0
531, 203110, Draymond Green, 115.0, 56.183477060281696, 80.15894, -30.53814, 1.419084103230244, 0.012206914342422433,59.85915492957746, 201568, Danilo Gallinari, 111.0, 2.516045138704787, 0.7288657278184321, 0.005311883958052696,2, 23, 0, 5, 1
532, 2749, Jameer Nelson, 99.0, 38.337798245372674, 24.75345, -8.064979999999998, 1.0401185612661812, 0.010066285315969356,35.714285714285715, 203546, Ian Clark, 106.0, 8.669632805055814, 2.1055723165801785, 0.007445066844058569,1, 23, 0, 5, 0
534, 203546, Ian Clark, 102.0, 61.81876990581825, 86.16218, -36.76869, 1.5305416917889463, 0.005161354503664432,46.15384615384615, 203115, Will Barton, 108.0, 8.020729202965276, 0.04043904628129712, 0.003497255566869492,1, 24, 2, 5, 1
535, 203115, Will Barton, 105.0, 48.004717564915424, 7.39428, -22.96117, 1.5281984638027937, 0.0026327845525222888,41.935483870967744, 2738, Andre Iguodala, 105.0, 0.7391522901946533, 2.244553820795192, 0.005362929895355755,4, 24, -2, 5, 0
537, 202702, Kenneth Faried, 116.0, 62.49163682092029, 53.18553, -26.45363, 0.967320890803622, 0.012695223021377055,61.53846153846154, 202691, Klay Thompson, 106.69356796116504, 24.69428180053431, 1.9678013433950183, 0.008763054982424854,0, 21, 0, 5, 1
541, 2749, Jameer Nelson, 99.0, 63.10141900691933, 32.92198, -31.75892, 1.1185945434088422, 0.010141606083065984,38.46153846153847, 2738, Andre Iguodala, 105.0, 8.96704890251525, 1.0450358188819109, 0.002128196933832301,1, 24, 0, 5, 0
544, 203110, Draymond Green, 115.0, 71.63386059085745, 75.54652, -45.425200000000004, 1.3868375372569917, 0.0035534522011844653,38.46153846153847, 201568, Danilo Gallinari, 111.0, 1.807187433167907, 1.2607893379500188, 0.0013920425891109694,1, 3, 0, 5, 0
550, 201578, Marreese Speights, 102.0, 52.47763667564499, 61.56179, -19.94587, 1.0284047641401624, 0.01141320714655394,46.80851063829788, 2749, Jameer Nelson, 112.0, 16.140024098203817, 1.4400960530420672, 0.007992769270910626,0, 13, 2, 5, 1
551, 202702, Kenneth Faried, 116.0, 51.82833908506908, 15.4302, -25.83863, 1.375056740201381, 0.008421062164795082,44.9438202247191, 202691, Klay Thompson, 106.69356796116504, 7.80143512569963, 0.78551832721892, 0.004745654507477598,1, 24, 0, 5, 1
552, 202691, Klay Thompson, 104.37388483373884, 35.71611716848432, 22.018, -6.588270000000001, 1.0852630516342143, 0.0036488637015514524,65.10791366906474, 203914, Gary Harris, 111.0, 8.716533697772295, 1.1327968976453886, 0.0029945757733775957,2, 24, 2, 5, 1
556, 203115, Will Barton, 105.0, 48.62268400621772, 81.00502, -23.01791, 1.412910454148789, 0.011742375720735705,14.814814814814811, 202691, Klay Thompson, 106.69356796116504, 0.8861424743798282, 2.6591552413490547, 0.007505492912184376,3, 24, -2, 5, 0
567, 203115, Will Barton, 105.0, 39.72976762445509, 25.68364, -9.132060000000003, 1.0335192497739771, 0.0067508022671383585,42.10526315789473, 202691, Klay Thompson, 106.69356796116504, 2.213859105272957, 2.3035211927027497, 0.0039473446533714405,2, 24, 2, 5, 0
